layer,datatype,candidate,feature,x_um,y_um,design_nm,focus_um,relative_dose,T0,D0,T_eff,measured_nm,delta_from_nominal_nm,status
67,20,WIDTH_0001,width,145.615,108.80000000000001,170.0,-0.2,0.9,0.3,0.82421875,0.40442338072669826,135.48158581408347,-30.858238852917935,MEASURED
67,20,WIDTH_0001,width,145.615,108.80000000000001,170.0,-0.2,1.0,0.3,0.82421875,0.3639810426540284,154.04046038709816,-12.299364279903244,MEASURED
67,20,WIDTH_0001,width,145.615,108.80000000000001,170.0,-0.2,1.1,0.3,0.82421875,0.3308918569582076,168.95328871817972,2.613464051178312,MEASURED
67,20,WIDTH_0001,width,145.615,108.80000000000001,170.0,0.0,0.9,0.3,0.82421875,0.40442338072669826,151.4317245731922,-14.908100093809196,MEASURED
67,20,WIDTH_0001,width,145.615,108.80000000000001,170.0,0.0,1.0,0.3,0.82421875,0.3639810426540284,166.3398246670014,0.0,MEASURED
67,20,WIDTH_0001,width,145.615,108.80000000000001,170.0,0.0,1.1,0.3,0.82421875,0.3308918569582076,178.6021861451475,12.26236147814609,MEASURED
67,20,WIDTH_0001,width,145.615,108.80000000000001,170.0,0.2,0.9,0.3,0.82421875,0.40442338072669826,135.48158581408347,-30.858238852917935,MEASURED
67,20,WIDTH_0001,width,145.615,108.80000000000001,170.0,0.2,1.0,0.3,0.82421875,0.3639810426540284,154.04046038709816,-12.299364279903244,MEASURED
67,20,WIDTH_0001,width,145.615,108.80000000000001,170.0,0.2,1.1,0.3,0.82421875,0.3308918569582076,168.95328871817975,2.6134640511783402,MEASURED
67,20,SPACE_0001,space,16.1,108.0475,170.0,-0.2,0.9,0.3,0.82421875,0.40442338072669826,202.45405604458722,3.010996893272079,MEASURED
67,20,SPACE_0001,space,16.1,108.0475,170.0,-0.2,1.0,0.3,0.82421875,0.3639810426540284,184.7864505137839,-14.656608637531235,MEASURED
67,20,SPACE_0001,space,16.1,108.0475,170.0,-0.2,1.1,0.3,0.82421875,0.3308918569582076,169.14113479127292,-30.30192436004222,MEASURED
67,20,SPACE_0001,space,16.1,108.0475,170.0,0.0,0.9,0.3,0.82421875,0.40442338072669826,213.4824599830891,14.039400831773946,MEASURED
67,20,SPACE_0001,space,16.1,108.0475,170.0,0.0,1.0,0.3,0.82421875,0.3639810426540284,199.44305915131514,0.0,MEASURED
67,20,SPACE_0001,space,16.1,108.0475,170.0,0.0,1.1,0.3,0.82421875,0.3308918569582076,187.1411552773729,-12.301903873942251,MEASURED
67,20,SPACE_0001,space,16.1,108.0475,170.0,0.2,0.9,0.3,0.82421875,0.40442338072669826,202.45405604458722,3.010996893272079,MEASURED
67,20,SPACE_0001,space,16.1,108.0475,170.0,0.2,1.0,0.3,0.82421875,0.3639810426540284,184.7864505137839,-14.656608637531235,MEASURED
67,20,SPACE_0001,space,16.1,108.0475,170.0,0.2,1.1,0.3,0.82421875,0.3308918569582076,169.14113479127292,-30.30192436004222,MEASURED
68,20,WIDTH_0001,width,129.49,91.3125,140.0,-0.2,0.9,0.3,0.82421875,0.40442338072669826,,,missing_feature
68,20,WIDTH_0001,width,129.49,91.3125,140.0,-0.2,1.0,0.3,0.82421875,0.3639810426540284,56.129885364320586,-31.75449956828153,MEASURED
68,20,WIDTH_0001,width,129.49,91.3125,140.0,-0.2,1.1,0.3,0.82421875,0.3308918569582076,89.98101096769595,2.096626035093834,MEASURED
68,20,WIDTH_0001,width,129.49,91.3125,140.0,0.0,0.9,0.3,0.82421875,0.40442338072669826,52.67820224350326,-35.20618268909886,MEASURED
68,20,WIDTH_0001,width,129.49,91.3125,140.0,0.0,1.0,0.3,0.82421875,0.3639810426540284,87.88438493260212,0.0,MEASURED
68,20,WIDTH_0001,width,129.49,91.3125,140.0,0.0,1.1,0.3,0.82421875,0.3308918569582076,110.17613926465854,22.291754332056428,MEASURED
68,20,WIDTH_0001,width,129.49,91.3125,140.0,0.2,0.9,0.3,0.82421875,0.40442338072669826,,,missing_feature
68,20,WIDTH_0001,width,129.49,91.3125,140.0,0.2,1.0,0.3,0.82421875,0.3639810426540284,56.12988536432056,-31.75449956828156,MEASURED
68,20,WIDTH_0001,width,129.49,91.3125,140.0,0.2,1.1,0.3,0.82421875,0.3308918569582076,89.98101096769595,2.096626035093834,MEASURED
68,20,SPACE_0001,space,121.67,100.95,140.0,-0.2,0.9,0.3,0.82421875,0.40442338072669826,170.57853549454666,10.460174349953007,MEASURED
68,20,SPACE_0001,space,121.67,100.95,140.0,-0.2,1.0,0.3,0.82421875,0.3639810426540284,151.67947590796683,-8.438885236626817,MEASURED
68,20,SPACE_0001,space,121.67,100.95,140.0,-0.2,1.1,0.3,0.82421875,0.3308918569582076,134.80422528093624,-25.314135863657413,MEASURED
68,20,SPACE_0001,space,121.67,100.95,140.0,0.0,0.9,0.3,0.82421875,0.40442338072669826,175.47834606338455,15.3599849187909,MEASURED
68,20,SPACE_0001,space,121.67,100.95,140.0,0.0,1.0,0.3,0.82421875,0.3639810426540284,160.11836114459365,0.0,MEASURED
68,20,SPACE_0001,space,121.67,100.95,140.0,0.0,1.1,0.3,0.82421875,0.3308918569582076,146.73139698025682,-13.386964164336831,MEASURED
68,20,SPACE_0001,space,121.67,100.95,140.0,0.2,0.9,0.3,0.82421875,0.40442338072669826,170.57853549454663,10.460174349952979,MEASURED
68,20,SPACE_0001,space,121.67,100.95,140.0,0.2,1.0,0.3,0.82421875,0.3639810426540284,151.6794759079669,-8.43888523662676,MEASURED
68,20,SPACE_0001,space,121.67,100.95,140.0,0.2,1.1,0.3,0.82421875,0.3308918569582076,134.80422528093627,-25.314135863657384,MEASURED
