case,reference,focus_um,relative_dose,feature,offset_um,cd_delta_nm,left_delta_nm,right_delta_nm
dense7_32,dense11_32,0.0,0.9,width,0.0,-0.2770602247860743,-1.1864193600753803,-1.4634795848614406
dense7_32,dense11_32,0.0,0.9,space,-0.17,-1.8319692708172464,0.6455499107418661,-1.1864193600753803
dense7_32,dense11_32,0.0,0.9,space,0.17,4.070826987582599,-1.4634795848614406,2.607347402721172
dense7_32,dense11_32,0.0,1.0,width,0.0,0.03943893240418439,-1.3944125301584842,-1.3549735977542858
dense7_32,dense11_32,0.0,1.0,space,-0.17,-1.9995857201136613,0.6051731899551771,-1.3944125301584842
dense7_32,dense11_32,0.0,1.0,space,0.17,3.7453517343681852,-1.3549735977542858,2.3903781366138857
dense7_32,dense11_32,0.0,1.1,width,0.0,0.27364121012068976,-1.5341458858678936,-1.2605046757472178
dense7_32,dense11_32,0.0,1.1,space,-0.17,-2.120861720854239,0.5867158349863733,-1.5341458858678936
dense7_32,dense11_32,0.0,1.1,space,0.17,3.4864343544371845,-1.2605046757472178,2.2259296786899667
dense7_32,dense11_32,0.2,0.9,width,0.0,-4.580662186671858,1.745634825570233,-2.835027361101625
dense7_32,dense11_32,0.2,0.9,space,-0.17,4.013485373702746,-2.2678505481325133,1.745634825570233
dense7_32,dense11_32,0.2,0.9,space,0.17,6.495279178940411,-2.835027361101625,3.6602518178387724
dense7_32,dense11_32,0.2,1.0,width,0.0,-3.4060803724219046,1.1195733510658001,-2.2865070213561047
dense7_32,dense11_32,0.2,1.0,space,-0.17,3.117617975112452,-1.9980446240466798,1.1195733510658001
dense7_32,dense11_32,0.2,1.0,space,0.17,5.483012225137585,-2.2865070213561047,3.196505203781494
dense7_32,dense11_32,0.2,1.1,width,0.0,-2.636663602291145,0.6992105715954572,-1.9374530306956739
dense7_32,dense11_32,0.2,1.1,space,-0.17,2.51906022387785,-1.8198496522823793,0.6992105715954572
dense7_32,dense11_32,0.2,1.1,space,0.17,4.834416950832477,-1.9374530306956739,2.8969639201368027
dense11_50,dense11_32,0.0,0.9,width,0.0,-4.166314429706441,2.183708605002041,-1.9826058247044003
dense11_50,dense11_32,0.0,0.9,space,-0.17,2.207916419062428,-0.024207814060386856,2.183708605002041
dense11_50,dense11_32,0.0,0.9,space,0.17,2.6693881220646865,-1.9826058247044003,0.6867822973602861
dense11_50,dense11_32,0.0,1.0,width,0.0,-3.7152832647343867,1.9571583685102367,-1.7581248962241502
dense11_50,dense11_32,0.0,1.0,space,-0.17,1.9211747002477186,0.03598366826251809,1.9571583685102367
dense11_50,dense11_32,0.0,1.0,space,0.17,2.385901889619096,-1.7581248962241502,0.6277769933949323
dense11_50,dense11_32,0.0,1.1,width,0.0,-3.390598304559178,1.7986694583562586,-1.5919288462029475
dense11_50,dense11_32,0.0,1.1,space,-0.17,1.7281074300491417,0.07056202830714453,1.7986694583562586
dense11_50,dense11_32,0.0,1.1,space,0.17,2.1729836605283435,-1.5919288462029475,0.5810548143253963
dense11_50,dense11_32,0.2,0.9,width,0.0,-2.9981727477422506,1.7964624657180877,-1.2017102820241765
dense11_50,dense11_32,0.2,0.9,space,-0.17,1.9128644141133966,-0.11640194839529494,1.7964624657180877
dense11_50,dense11_32,0.2,0.9,space,0.17,1.4873592071444064,-1.2017102820241765,0.285648925120216
dense11_50,dense11_32,0.2,1.0,width,0.0,-2.4229301070621267,1.508062207546651,-0.9148678995154758
dense11_50,dense11_32,0.2,1.0,space,-0.17,1.5151881092439479,-0.0071259016973246325,1.508062207546651
dense11_50,dense11_32,0.2,1.0,space,0.17,1.1304216262649491,-0.9148678995154758,0.21555372674947337
dense11_50,dense11_32,0.2,1.1,width,0.0,-2.0466711675327653,1.3154396117089906,-0.7312315558237747
dense11_50,dense11_32,0.2,1.1,space,-0.17,1.24565458309972,0.06978502860929825,1.3154396117089906
dense11_50,dense11_32,0.2,1.1,space,0.17,0.8934238774098158,-0.7312315558237747,0.16219232158601327
dense11_64,dense11_32,0.0,0.9,width,0.0,1.1176205375946768,0.8194068531025556,1.9370273906972186
dense11_64,dense11_32,0.0,0.9,space,-0.17,1.7567383370205303,-0.9373314839179608,0.8194068531025556
dense11_64,dense11_32,0.0,0.9,space,0.17,-2.776334861412572,1.9370273906972186,-0.839307470715353
dense11_64,dense11_32,0.0,1.0,width,0.0,0.7073689564727204,0.9767845400445174,1.6841534965172378
dense11_64,dense11_32,0.0,1.0,space,-0.17,2.238475880785157,-1.2616913407406534,0.9767845400445174
dense11_64,dense11_32,0.0,1.0,space,0.17,-2.497092359735581,1.6841534965172378,-0.8129388632183571
dense11_64,dense11_32,0.0,1.1,width,0.0,0.38524844852355633,1.0806798269310247,1.4659282754545533
dense11_64,dense11_32,0.0,1.1,space,-0.17,2.5643319530931907,-1.483652126162152,1.0806798269310247
dense11_64,dense11_32,0.0,1.1,space,0.17,-2.2298984901701067,1.4659282754545533,-0.7639702147155536
dense11_64,dense11_32,0.2,0.9,width,0.0,1.2048787065193634,0.4159975309220715,1.620876237441407
dense11_64,dense11_32,0.2,0.9,space,-0.17,1.6692690885223849,-1.2532715576003133,0.4159975309220715
dense11_64,dense11_32,0.2,0.9,space,0.17,-2.8115931102835336,1.620876237441407,-1.1907168728421262
dense11_64,dense11_32,0.2,1.0,width,0.0,1.0591109935380594,0.32284468464575944,1.3819556781838327
dense11_64,dense11_32,0.2,1.0,space,-0.17,1.7086906330673612,-1.3858459484216157,0.32284468464575944
dense11_64,dense11_32,0.2,1.0,space,0.17,-2.625153536056024,1.3819556781838327,-1.2431978578721914
dense11_64,dense11_32,0.2,1.1,width,0.0,0.9962842446936959,0.22454640246884205,1.2208306471625519
dense11_64,dense11_32,0.2,1.1,space,-0.17,1.6845227016492603,-1.4599762991804184,0.22454640246884205
dense11_64,dense11_32,0.2,1.1,space,0.17,-2.4931819324933437,1.2208306471625519,-1.2723512853308057
dense11_50,dense11_64,0.0,0.9,width,0.0,-5.283934967301118,1.3643017518994855,-3.919633215401619
dense11_50,dense11_64,0.0,0.9,space,-0.17,0.4511780820418976,0.913123669857574,1.3643017518994855
dense11_50,dense11_64,0.0,0.9,space,0.17,5.445722983477258,-3.919633215401619,1.5260897680756391
dense11_50,dense11_64,0.0,1.0,width,0.0,-4.422652221207107,0.9803738284657193,-3.442278392741388
dense11_50,dense11_64,0.0,1.0,space,-0.17,-0.31730118053743817,1.2976750090031715,0.9803738284657193
dense11_50,dense11_64,0.0,1.0,space,0.17,4.882994249354677,-3.442278392741388,1.4407158566132894
dense11_50,dense11_64,0.0,1.1,width,0.0,-3.7758467530827344,0.7179896314252338,-3.057857121657501
dense11_50,dense11_64,0.0,1.1,space,-0.17,-0.836224523044049,1.5542141544692967,0.7179896314252338
dense11_50,dense11_64,0.0,1.1,space,0.17,4.402882150698451,-3.057857121657501,1.3450250290409498
dense11_50,dense11_64,0.2,0.9,width,0.0,-4.2030514542616135,1.3804649347960163,-2.8225865194655837
dense11_50,dense11_64,0.2,0.9,space,-0.17,0.2435953255910117,1.1368696092050183,1.3804649347960163
dense11_50,dense11_64,0.2,0.9,space,0.17,4.29895231742794,-2.8225865194655837,1.4763657979623424
dense11_50,dense11_64,0.2,1.0,width,0.0,-3.482041100600186,1.1852175229008917,-2.2968235776993087
dense11_50,dense11_64,0.2,1.0,space,-0.17,-0.19350252382341337,1.378720046724291,1.1852175229008917
dense11_50,dense11_64,0.2,1.0,space,0.17,3.755575162320973,-2.2968235776993087,1.4587515846216648
dense11_50,dense11_64,0.2,1.1,width,0.0,-3.042955412226461,1.0908932092401487,-1.9520622029863266
dense11_50,dense11_64,0.2,1.1,space,-0.17,-0.4388681185495402,1.5297613277897164,1.0908932092401487
dense11_50,dense11_64,0.2,1.1,space,0.17,3.386605809903159,-1.9520622029863266,1.4345436069168187
dense11_32,dense11_64,0.0,0.9,width,0.0,-1.1176205375946768,-0.8194068531025556,-1.9370273906972186
dense11_32,dense11_64,0.0,0.9,space,-0.17,-1.7567383370205303,0.9373314839179608,-0.8194068531025556
dense11_32,dense11_64,0.0,0.9,space,0.17,2.776334861412572,-1.9370273906972186,0.839307470715353
dense11_32,dense11_64,0.0,1.0,width,0.0,-0.7073689564727204,-0.9767845400445174,-1.6841534965172378
dense11_32,dense11_64,0.0,1.0,space,-0.17,-2.238475880785157,1.2616913407406534,-0.9767845400445174
dense11_32,dense11_64,0.0,1.0,space,0.17,2.497092359735581,-1.6841534965172378,0.8129388632183571
dense11_32,dense11_64,0.0,1.1,width,0.0,-0.38524844852355633,-1.0806798269310247,-1.4659282754545533
dense11_32,dense11_64,0.0,1.1,space,-0.17,-2.5643319530931907,1.483652126162152,-1.0806798269310247
dense11_32,dense11_64,0.0,1.1,space,0.17,2.2298984901701067,-1.4659282754545533,0.7639702147155536
dense11_32,dense11_64,0.2,0.9,width,0.0,-1.2048787065193634,-0.4159975309220715,-1.620876237441407
dense11_32,dense11_64,0.2,0.9,space,-0.17,-1.6692690885223849,1.2532715576003133,-0.4159975309220715
dense11_32,dense11_64,0.2,0.9,space,0.17,2.8115931102835336,-1.620876237441407,1.1907168728421262
dense11_32,dense11_64,0.2,1.0,width,0.0,-1.0591109935380594,-0.32284468464575944,-1.3819556781838327
dense11_32,dense11_64,0.2,1.0,space,-0.17,-1.7086906330673612,1.3858459484216157,-0.32284468464575944
dense11_32,dense11_64,0.2,1.0,space,0.17,2.625153536056024,-1.3819556781838327,1.2431978578721914
dense11_32,dense11_64,0.2,1.1,width,0.0,-0.9962842446936959,-0.22454640246884205,-1.2208306471625519
dense11_32,dense11_64,0.2,1.1,space,-0.17,-1.6845227016492603,1.4599762991804184,-0.22454640246884205
dense11_32,dense11_64,0.2,1.1,space,0.17,2.4931819324933437,-1.2208306471625519,1.2723512853308057
