case,focus_um,relative_dose,feature,offset_um,T0,D0,Tnorm,T_eff,status,cd_um,left_um,right_um,nils
dense7_32,0.0,0.9,width,0.0,0.3,0.82421875,0.3639810426540284,0.40442338072669826,VALID,0.15201898586119855,-0.07720829456125038,0.07481069129994819,1.858158290745789
dense7_32,0.0,0.9,space,-0.17,0.3,0.82421875,0.3639810426540284,0.40442338072669826,VALID,0.18472612203148603,-0.0919344165927364,0.09279170543874964,1.9212647521066264
dense7_32,0.0,0.9,space,0.17,0.3,0.82421875,0.3639810426540284,0.40442338072669826,VALID,0.19040076677295925,-0.09518930870005182,0.09521145807290744,1.9044206331184566
dense7_32,0.0,1.0,width,0.0,0.3,0.82421875,0.3639810426540284,0.3639810426540284,VALID,0.17001807396233193,-0.086209023097034,0.08380905086529794,2.107100869024984
dense7_32,0.0,1.0,space,-0.17,0.3,0.82421875,0.3639810426540284,0.3639810426540284,VALID,0.16703879507641906,-0.08324781817345303,0.08379097690296601,2.1465359434754774
dense7_32,0.0,1.0,space,0.17,0.3,0.82421875,0.3639810426540284,0.3639810426540284,VALID,0.17304430182572056,-0.08619094913470207,0.08685335269101849,2.1812179048092246
dense7_32,0.0,1.1,width,0.0,0.3,0.82421875,0.3639810426540284,0.3308918569582076,VALID,0.18465766051135174,-0.0935215662351032,0.09113609427624854,2.323376943783201
dense7_32,0.0,1.1,space,-0.17,0.3,0.82421875,0.3639810426540284,0.3308918569582076,VALID,0.1526358473007111,-0.07615741353581429,0.07647843376489681,2.3611895378202985
dense7_32,0.0,1.1,space,0.17,0.3,0.82421875,0.3639810426540284,0.3308918569582076,VALID,0.1588529826430721,-0.07886390572375147,0.07998907691932063,2.3972073205709536
dense7_32,0.2,0.9,width,0.0,0.3,0.82421875,0.3639810426540284,0.40442338072669826,VALID,0.1430820892068339,-0.07203885992833528,0.07104322927849864,1.3885698240771998
dense7_32,0.2,0.9,space,-0.17,0.3,0.82421875,0.3639810426540284,0.40442338072669826,VALID,0.1949108389920316,-0.09694969892036687,0.09796114007166473,1.4228991820253098
dense7_32,0.2,0.9,space,0.17,0.3,0.82421875,0.3639810426540284,0.40442338072669826,VALID,0.1970349063578149,-0.09895677072150137,0.09807813563631351,1.4593205765558783
dense7_32,0.2,1.0,width,0.0,0.3,0.82421875,0.3639810426540284,0.3639810426540284,VALID,0.16685082718496136,-0.08384312287196424,0.08300770431299712,1.6084190040647852
dense7_32,0.2,1.0,space,-0.17,0.3,0.82421875,0.3639810426540284,0.3639810426540284,VALID,0.17176561017450637,-0.08560873304647061,0.08615687712803577,1.6468797483102806
dense7_32,0.2,1.0,space,0.17,0.3,0.82421875,0.3639810426540284,0.3639810426540284,VALID,0.1742532764087703,-0.0869922956870029,0.08726098072176743,1.6808102106764826
dense7_32,0.2,1.1,width,0.0,0.3,0.82421875,0.3639810426540284,0.3308918569582076,VALID,0.18594287660702752,-0.09333066458159474,0.09261221202543278,1.7831762841571945
dense7_32,0.2,1.1,space,-0.17,0.3,0.82421875,0.3639810426540284,0.3308918569582076,VALID,0.15308618500419954,-0.07641684958579427,0.07666933541840527,1.8217188817692234
dense7_32,0.2,1.1,space,0.17,0.3,0.82421875,0.3639810426540284,0.3308918569582076,VALID,0.1558413728377837,-0.07738778797456723,0.07845358486321649,1.85007684923852
dense11_32,0.0,0.9,width,0.0,0.3,0.84765625,0.35391705069124424,0.39324116743471577,VALID,0.15229604608598463,-0.076021875201175,0.07627417088480963,1.922751622505
dense11_32,0.0,0.9,space,-0.17,0.3,0.84765625,0.35391705069124424,0.39324116743471577,VALID,0.18655809130230327,-0.09257996650347827,0.09397812479882502,1.940047872810451
dense11_32,0.0,0.9,space,0.17,0.3,0.84765625,0.35391705069124424,0.39324116743471577,VALID,0.18632993978537665,-0.09372582911519038,0.09260411067018627,2.000552905209981
dense11_32,0.0,1.0,width,0.0,0.3,0.84765625,0.35391705069124424,0.35391705069124424,VALID,0.16997863502992774,-0.08481461056687552,0.08516402446305223,2.141886174341706
dense11_32,0.0,1.0,space,-0.17,0.3,0.84765625,0.35391705069124424,0.35391705069124424,VALID,0.16903838079653272,-0.08385299136340821,0.0851853894331245,2.1615326018459933
dense11_32,0.0,1.0,space,0.17,0.3,0.84765625,0.35391705069124424,0.35391705069124424,VALID,0.16929895009135237,-0.08483597553694779,0.0844629745544046,2.22069911021573
dense11_32,0.0,1.1,width,0.0,0.3,0.84765625,0.35391705069124424,0.3217427733556765,VALID,0.18438401930123105,-0.09198742034923531,0.09239659895199576,2.360362085096034
dense11_32,0.0,1.1,space,-0.17,0.3,0.84765625,0.35391705069124424,0.3217427733556765,VALID,0.15475670902156535,-0.07674412937080066,0.0780125796507647,2.3808142600066726
dense11_32,0.0,1.1,space,0.17,0.3,0.84765625,0.35391705069124424,0.3217427733556765,VALID,0.15536654828863491,-0.07760340104800426,0.07776314724063066,2.4439279165869348
dense11_32,0.2,0.9,width,0.0,0.3,0.84765625,0.35391705069124424,0.39324116743471577,VALID,0.14766275139350576,-0.07378449475390551,0.07387825663960026,1.4528840874418587
dense11_32,0.2,0.9,space,-0.17,0.3,0.84765625,0.35391705069124424,0.39324116743471577,VALID,0.19089735361832885,-0.09468184837223435,0.0962155052460945,1.5009917607944858
dense11_32,0.2,0.9,space,0.17,0.3,0.84765625,0.35391705069124424,0.39324116743471577,VALID,0.1905396271788745,-0.09612174336039975,0.09441788381847474,1.5403117093020613
dense11_32,0.2,1.0,width,0.0,0.3,0.84765625,0.35391705069124424,0.35391705069124424,VALID,0.17025690755738326,-0.08496269622303004,0.08529421133435322,1.684974024972033
dense11_32,0.2,1.0,space,-0.17,0.3,0.84765625,0.35391705069124424,0.35391705069124424,VALID,0.16864799219939391,-0.08361068842242393,0.08503730377696997,1.7084213026075026
dense11_32,0.2,1.0,space,0.17,0.3,0.84765625,0.35391705069124424,0.35391705069124424,VALID,0.16877026418363272,-0.08470578866564679,0.08406447551798593,1.743140215289916
dense11_32,0.2,1.1,width,0.0,0.3,0.84765625,0.35391705069124424,0.3217427733556765,VALID,0.18857954020931866,-0.0940298751531902,0.09454966505612845,1.8558414551721358
dense11_32,0.2,1.1,space,-0.17,0.3,0.84765625,0.35391705069124424,0.3217427733556765,VALID,0.1505671247803217,-0.07459699993351189,0.07597012484680982,1.8557045224386786
dense11_32,0.2,1.1,space,0.17,0.3,0.84765625,0.35391705069124424,0.3217427733556765,VALID,0.15100695588695123,-0.07545033494387156,0.07555662094307969,1.917454236819374
dense11_50,0.0,0.9,width,0.0,0.3,0.84765625,0.35391705069124424,0.39324116743471577,VALID,0.14812973165627819,-0.07383816659617295,0.07429156506010523,1.8110149022660929
dense11_50,0.0,0.9,space,-0.17,0.3,0.84765625,0.35391705069124424,0.39324116743471577,VALID,0.1887660077213657,-0.09260417431753866,0.09616183340382706,1.8782324050062928
dense11_50,0.0,0.9,space,0.17,0.3,0.84765625,0.35391705069124424,0.39324116743471577,VALID,0.18899932790744134,-0.09570843493989478,0.09329089296754656,1.935699441532357
dense11_50,0.0,1.0,width,0.0,0.3,0.84765625,0.35391705069124424,0.35391705069124424,VALID,0.16626335176519336,-0.08285745219836528,0.08340589956682808,2.09150921413656
dense11_50,0.0,1.0,space,-0.17,0.3,0.84765625,0.35391705069124424,0.35391705069124424,VALID,0.17095955549678044,-0.08381700769514569,0.08714254780163473,2.1338865664607796
dense11_50,0.0,1.0,space,0.17,0.3,0.84765625,0.35391705069124424,0.35391705069124424,VALID,0.17168485198097147,-0.08659410043317194,0.08509075154779953,2.1890360543532856
dense11_50,0.0,1.1,width,0.0,0.3,0.84765625,0.35391705069124424,0.3217427733556765,VALID,0.18099342099667187,-0.09018875089087905,0.09080467010579281,2.3106192037085473
dense11_50,0.0,1.1,space,-0.17,0.3,0.84765625,0.35391705069124424,0.3217427733556765,VALID,0.1564848164516145,-0.07667356734249352,0.07981124910912096,2.3501578820291162
dense11_50,0.0,1.1,space,0.17,0.3,0.84765625,0.35391705069124424,0.3217427733556765,VALID,0.15753953194916326,-0.0791953298942072,0.07834420205495606,2.410171855998145
dense11_50,0.2,0.9,width,0.0,0.3,0.84765625,0.35391705069124424,0.39324116743471577,VALID,0.14466457864576351,-0.07198803228818743,0.07267654635757609,1.4234983947455484
dense11_50,0.2,0.9,space,-0.17,0.3,0.84765625,0.35391705069124424,0.39324116743471577,VALID,0.19281021803244225,-0.09479825032062965,0.09801196771181259,1.4765108075789286
dense11_50,0.2,0.9,space,0.17,0.3,0.84765625,0.35391705069124424,0.39324116743471577,VALID,0.1920269863860189,-0.09732345364242392,0.09470353274359496,1.5189866953480657
dense11_50,0.2,1.0,width,0.0,0.3,0.84765625,0.35391705069124424,0.35391705069124424,VALID,0.16783397745032114,-0.08345463401548339,0.08437934343483774,1.6453541594194274
dense11_50,0.2,1.0,space,-0.17,0.3,0.84765625,0.35391705069124424,0.35391705069124424,VALID,0.17016318030863786,-0.08361781432412126,0.08654536598451662,1.6831638751285265
dense11_50,0.2,1.0,space,0.17,0.3,0.84765625,0.35391705069124424,0.35391705069124424,VALID,0.16990068580989767,-0.08562065656516227,0.0842800292447354,1.7159547184426485
dense11_50,0.2,1.1,width,0.0,0.3,0.84765625,0.35391705069124424,0.3217427733556765,VALID,0.1865328690417859,-0.0927144355414812,0.09381843350030468,1.8194180194979157
dense11_50,0.2,1.1,space,-0.17,0.3,0.84765625,0.35391705069124424,0.3217427733556765,VALID,0.1518127793634214,-0.07452721490490259,0.07728556445851881,1.830574188931347
dense11_50,0.2,1.1,space,0.17,0.3,0.84765625,0.35391705069124424,0.3217427733556765,VALID,0.15190037976436105,-0.07618156649969533,0.0757188132646657,1.8937690611603866
dense11_64,0.0,0.9,width,0.0,0.3,0.84765625,0.35391705069124424,0.39324116743471577,VALID,0.1534136666235793,-0.07520246834807244,0.07821119827550685,1.9634240708746618
dense11_64,0.0,0.9,space,-0.17,0.3,0.84765625,0.35391705069124424,0.39324116743471577,VALID,0.1883148296393238,-0.09351729798739623,0.09479753165192757,1.9928700894771076
dense11_64,0.0,0.9,space,0.17,0.3,0.84765625,0.35391705069124424,0.39324116743471577,VALID,0.18355360492396408,-0.09178880172449316,0.09176480319947092,2.029978350885092
dense11_64,0.0,1.0,width,0.0,0.3,0.84765625,0.35391705069124424,0.35391705069124424,VALID,0.17068600398640046,-0.083837826026831,0.08684817795956946,2.195332505759589
dense11_64,0.0,1.0,space,-0.17,0.3,0.84765625,0.35391705069124424,0.35391705069124424,VALID,0.17127685667731787,-0.08511468270414886,0.08616217397316901,2.2171427796733525
dense11_64,0.0,1.0,space,0.17,0.3,0.84765625,0.35391705069124424,0.35391705069124424,VALID,0.1668018577316168,-0.08315182204043055,0.08365003569118624,2.263483739790477
dense11_64,0.0,1.1,width,0.0,0.3,0.84765625,0.35391705069124424,0.3217427733556765,VALID,0.1847692677497546,-0.09090674052230428,0.09386252722745031,2.4141280708102797
dense11_64,0.0,1.1,space,-0.17,0.3,0.84765625,0.35391705069124424,0.3217427733556765,VALID,0.15732104097465854,-0.07822778149696281,0.07909325947769573,2.4365169220719074
dense11_64,0.0,1.1,space,0.17,0.3,0.84765625,0.35391705069124424,0.3217427733556765,VALID,0.1531366497984648,-0.0761374727725497,0.0769991770259151,2.489832113714606
dense11_64,0.2,0.9,width,0.0,0.3,0.84765625,0.35391705069124424,0.39324116743471577,VALID,0.14886763010002513,-0.07336849722298344,0.07549913287704167,1.4913082867078506
dense11_64,0.2,0.9,space,-0.17,0.3,0.84765625,0.35391705069124424,0.39324116743471577,VALID,0.19256662270685124,-0.09593511992983467,0.09663150277701657,1.485671611696484
dense11_64,0.2,0.9,space,0.17,0.3,0.84765625,0.35391705069124424,0.39324116743471577,VALID,0.18772803406859095,-0.09450086712295834,0.09322716694563261,1.5762352498537031
dense11_64,0.2,1.0,width,0.0,0.3,0.84765625,0.35391705069124424,0.35391705069124424,VALID,0.17131601855092132,-0.08463985153838428,0.08667616701253705,1.6935812313535277
dense11_64,0.2,1.0,space,-0.17,0.3,0.84765625,0.35391705069124424,0.35391705069124424,VALID,0.17035668283246128,-0.08499653437084555,0.08536014846161573,1.707200326047886
dense11_64,0.2,1.0,space,0.17,0.3,0.84765625,0.35391705069124424,0.35391705069124424,VALID,0.1661451106475767,-0.08332383298746296,0.08282127766011374,1.7593651315966514
dense11_64,0.2,1.1,width,0.0,0.3,0.84765625,0.35391705069124424,0.3217427733556765,VALID,0.18957582445401236,-0.09380532875072135,0.095770495703291,1.8407347788738988
dense11_64,0.2,1.1,space,-0.17,0.3,0.84765625,0.35391705069124424,0.3217427733556765,VALID,0.15225164748197095,-0.07605697623269231,0.07619467124927866,1.8782671682638636
dense11_64,0.2,1.1,space,0.17,0.3,0.84765625,0.35391705069124424,0.3217427733556765,VALID,0.1485137739544579,-0.074229504296709,0.07428426965774888,1.8760496269313622
dense13_32,0.0,0.9,width,0.0,0.3,0.82421875,0.3639810426540284,0.40442338072669826,VALID,0.14611104876156647,-0.07370042440587528,0.07241062435569119,1.7906746820419697
dense13_32,0.0,0.9,space,-0.17,0.3,0.82421875,0.3639810426540284,0.40442338072669826,VALID,0.1921489613122886,-0.09584938571816387,0.09629957559412473,1.8183797929420928
dense13_32,0.0,0.9,space,0.17,0.3,0.82421875,0.3639810426540284,0.40442338072669826,VALID,0.19087463101519198,-0.09758937564430882,0.09328525537088317,1.928147795748437
dense13_32,0.0,1.0,width,0.0,0.3,0.82421875,0.3639810426540284,0.3639810426540284,VALID,0.16450285567729975,-0.08283488359590277,0.08166797208139698,2.070996998392699
dense13_32,0.0,1.0,space,-0.17,0.3,0.82421875,0.3639810426540284,0.3639810426540284,VALID,0.17409790885608425,-0.08693279245198701,0.08716511640409724,2.103023392476012
dense13_32,0.0,1.0,space,0.17,0.3,0.82421875,0.3639810426540284,0.3639810426540284,VALID,0.17340346615256283,-0.08833202791860303,0.0850714382339598,2.179805984228223
dense13_32,0.0,1.1,width,0.0,0.3,0.82421875,0.3639810426540284,0.3308918569582076,VALID,0.17937064631596847,-0.09022733221897561,0.08914331409699286,2.2917189621632614
dense13_32,0.0,1.1,space,-0.17,0.3,0.82421875,0.3639810426540284,0.3308918569582076,VALID,0.15945221436973592,-0.07967954658871151,0.0797726677810244,2.3250509792107485
dense13_32,0.0,1.1,space,0.17,0.3,0.82421875,0.3639810426540284,0.3308918569582076,VALID,0.1591920608619377,-0.08085668590300715,0.07833537495893057,2.401341309687282
dense13_32,0.2,0.9,width,0.0,0.3,0.82421875,0.3639810426540284,0.40442338072669826,VALID,0.14029814944950447,-0.07051413492933561,0.06978401452016886,1.373765959940688
dense13_32,0.2,0.9,space,-0.17,0.3,0.82421875,0.3639810426540284,0.40442338072669826,VALID,0.1985521050266904,-0.09906623995602602,0.0994858650706644,1.4012375921395799
dense13_32,0.2,0.9,space,0.17,0.3,0.82421875,0.3639810426540284,0.40442338072669826,VALID,0.19651333114987646,-0.10021598547983115,0.0962973456700453,1.4541297466518779
dense13_32,0.2,1.0,width,0.0,0.3,0.82421875,0.3639810426540284,0.3639810426540284,VALID,0.1644359431658669,-0.08245236767410305,0.08198357549176387,1.5912082805174117
dense13_32,0.2,1.0,space,-0.17,0.3,0.82421875,0.3639810426540284,0.3639810426540284,VALID,0.1749257639764516,-0.08737813165055464,0.08754763232589696,1.6231302643309113
dense13_32,0.2,1.0,space,0.17,0.3,0.82421875,0.3639810426540284,0.3639810426540284,VALID,0.17365319585096134,-0.08801642450823614,0.08563677134272521,1.676903928923664
dense13_32,0.2,1.1,width,0.0,0.3,0.82421875,0.3639810426540284,0.3308918569582076,VALID,0.18375721875842355,-0.09200573376811073,0.0917514849903128,1.7637783250787205
dense13_32,0.2,1.1,space,-0.17,0.3,0.82421875,0.3639810426540284,0.3308918569582076,VALID,0.15597316001308872,-0.07797889378119945,0.07799426623188928,1.7971230630486343
dense13_32,0.2,1.1,space,0.17,0.3,0.82421875,0.3639810426540284,0.3308918569582076,VALID,0.15517380332499464,-0.07824851500968721,0.07692528831530744,1.8475732250993886
