source,focus_um,relative_dose,dbu_nm,float_segments,pya_edges,collapsed_segments,max_vertex_axis_error_nm,conversion_and_python_readback_seconds,crossing_count_float,crossing_count_pya
dense7,0.0,0.9,1.0,3518,3467,51,0.49995293738902546,0.0582650000033027,8,8
dense7,0.0,0.9,0.1,3518,3514,4,0.049977165076597885,0.06635570000071311,8,8
dense7,0.0,1.0,1.0,3569,3530,39,0.499994474154164,0.06419939999977942,8,8
dense7,0.0,1.0,0.1,3569,3565,4,0.0499921475238807,0.06587829999989481,8,8
dense7,0.0,1.1,1.0,3563,3533,30,0.4999374870919837,0.06283299999995506,8,8
dense7,0.0,1.1,0.1,3563,3561,2,0.04999650859360827,0.06769030000214116,8,8
dense7,0.2,0.9,1.0,3451,3418,33,0.4999980349964517,0.05395249999855878,8,8
dense7,0.2,0.9,0.1,3451,3448,3,0.0499987967970128,0.05857509999987087,8,8
dense7,0.2,1.0,1.0,3511,3468,43,0.49989930633387303,0.05419640000036452,8,8
dense7,0.2,1.0,0.1,3511,3510,1,0.04998567527536579,0.05896209999991697,8,8
dense7,0.2,1.1,1.0,3541,3506,35,0.49998743668311363,0.05734479999955511,8,8
dense7,0.2,1.1,0.1,3541,3537,4,0.04999246176851102,0.06092530000023544,8,8
dense11,0.0,0.9,1.0,3511,3469,42,0.4996267352197492,0.055958600001758896,8,8
dense11,0.0,0.9,0.1,3511,3504,7,0.049970359469853065,0.058988199998566415,8,8
dense11,0.0,1.0,1.0,3562,3522,40,0.4996606853637786,0.05480879999959143,8,8
dense11,0.0,1.0,0.1,3562,3555,7,0.04998171885972624,0.059016900002461625,8,8
dense11,0.0,1.1,1.0,3557,3510,47,0.4997596479938693,0.05500229999961448,8,8
dense11,0.0,1.1,0.1,3557,3553,4,0.04999435900288063,0.0610770000021148,8,8
dense11,0.2,0.9,1.0,3459,3419,40,0.4996505337828694,0.05657290000090143,8,8
dense11,0.2,0.9,0.1,3459,3455,4,0.04999857469556446,0.060481100001197774,8,8
dense11,0.2,1.0,1.0,3517,3468,49,0.4999873214899253,0.05912739999985206,8,8
dense11,0.2,1.0,0.1,3517,3511,6,0.04999395963523057,0.06297529999937979,8,8
dense11,0.2,1.1,1.0,3567,3516,51,0.4999258078726143,0.056719000000157394,8,8
dense11,0.2,1.1,0.1,3567,3560,7,0.04998115242926815,0.06526680000024498,8,8
