source,focus_um,relative_dose,T_eff,feature,offset_um,dbu_nm,float_cd_nm,pya_cd_nm,cd_delta_nm,max_edge_delta_nm
dense7,0.0,0.9,0.40442338072669826,width,0.0,1.0,152.01904256649357,152.00000000000102,-0.01904256649254421,0.20832948133886475
dense7,0.0,0.9,0.40442338072669826,space,-0.17,1.0,184.72627757611804,184.99999999998806,0.27372242387002643,0.20832948133886475
dense7,0.0,0.9,0.40442338072669826,space,0.17,1.0,190.40074134490226,190.00000000001194,-0.40074134489032076,0.21145443004400022
dense7,0.0,0.9,0.40442338072669826,width,0.0,0.1,152.01904256649357,152.00000000000102,-0.01904256649254421,0.010713085146107915
dense7,0.0,0.9,0.40442338072669826,space,-0.17,0.1,184.72627757611804,184.75000000000819,0.023722423890149003,0.015392942543712707
dense7,0.0,0.9,0.40442338072669826,space,0.17,0.1,190.40074134490226,190.3999999999968,-0.0007413449054638477,0.011454430051571762
dense7,0.0,1.0,0.3639810426540284,width,0.0,1.0,170.01812242742176,170.0000000000017,-0.0181224274200531,0.2090534164693736
dense7,0.0,1.0,0.3639810426540284,space,-0.17,1.0,167.03892064691672,166.99999999998738,-0.038920646929341274,0.24797406339871486
dense7,0.0,1.0,0.3639810426540284,space,0.17,1.0,173.04428749757506,173.00000000000182,-0.04428749757323658,0.1909309890493205
dense7,0.0,1.0,0.3639810426540284,width,0.0,0.1,170.01812242742176,170.0000000000017,-0.0181224274200531,0.009069010943107969
dense7,0.0,1.0,0.3639810426540284,space,-0.17,0.1,167.03892064691672,167.05000000000325,0.011079353086529409,0.00905341647694513
dense7,0.0,1.0,0.3639810426540284,space,0.17,0.1,173.04428749757506,173.05000000000348,0.0057125024284232495,0.009069010943107969
dense7,0.0,1.1,0.3308918569582076,width,0.0,1.0,184.6577048218876,184.4999999999999,-0.1577048218877053,0.1361073048116168
dense7,0.0,1.1,0.3308918569582076,space,-0.17,1.0,152.63596291390513,152.5000000000034,-0.13596291390172155,0.15756043097781003
dense7,0.0,1.1,0.3308918569582076,space,0.17,1.0,158.85298012754845,159.00000000000603,0.14701987245757664,0.1361073048116168
dense7,0.0,1.1,0.3308918569582076,width,0.0,0.1,184.6577048218876,184.65000000000487,-0.00770482188272581,0.02159751707608848
dense7,0.0,1.1,0.3308918569582076,space,-0.17,0.1,152.63596291390513,152.64999999999418,0.01403708608904708,0.02159751707608848
dense7,0.0,1.1,0.3308918569582076,space,0.17,0.1,158.85298012754845,158.85000000000105,-0.0029801275474028444,0.01389269519336267
dense7,0.2,0.9,0.40442338072669826,width,0.0,1.0,143.08210454201742,143.00000000000068,-0.08210454201673656,0.04324436935121412
dense7,0.2,0.9,0.40442338072669826,space,-0.17,1.0,194.91102120753112,195.0000000000074,0.08897879247626861,0.05011861981074617
dense7,0.2,0.9,0.40442338072669826,space,0.17,1.0,197.0348765344454,197.00000000000273,-0.0348765344426738,0.07812090379388792
dense7,0.2,0.9,0.40442338072669826,width,0.0,0.1,143.08210454201742,143.100000000004,0.017895457986583096,0.011139827336137387
dense7,0.2,0.9,0.40442338072669826,space,-0.17,0.1,194.91102120753112,194.90000000000407,-0.011021207527051047,0.011139827336137387
dense7,0.2,0.9,0.40442338072669826,space,0.17,0.1,197.0348765344454,197.00000000000273,-0.0348765344426738,0.02812090379222809
dense7,0.2,1.0,0.3639810426540284,width,0.0,1.0,166.85084003403006,167.0000000000016,0.1491599659715348,0.15687753661097759
dense7,0.2,1.0,0.3639810426540284,space,-0.17,1.0,171.76573870897016,171.99999999999704,0.23426129102688265,0.39113882763786023
dense7,0.2,1.0,0.3639810426540284,space,0.17,1.0,174.25325932438795,173.99999999999238,-0.25325932439557164,0.2609768950350144
dense7,0.2,1.0,0.3639810426540284,width,0.0,0.1,166.85084003403006,166.8499999999966,-0.000840034033444681,0.007717570639442783
dense7,0.2,1.0,0.3639810426540284,space,-0.17,0.1,171.76573870897016,171.75000000000296,-0.01573870896720564,0.008861172361207537
dense7,0.2,1.0,0.3639810426540284,space,0.17,0.1,174.25325932438795,174.25000000000068,-0.0032593243872724997,0.010976895026715283
dense7,0.2,1.1,0.3308918569582076,width,0.0,1.0,185.9428854482985,185.99999999999284,0.05711455169432611,0.38777815079527045
dense7,0.2,1.1,0.3308918569582076,space,-0.17,1.0,153.08628176346417,153.0000000000058,-0.08628176345837346,0.4169453625593178
dense7,0.2,1.1,0.3308918569582076,space,0.17,1.0,155.84136977916785,155.50000000000352,-0.3413697791643244,0.38777815079527045
dense7,0.2,1.1,0.3308918569582076,width,0.0,0.1,185.9428854482985,185.94999999999118,0.007114551692666282,0.03777815079786251
dense7,0.2,1.1,0.3308918569582076,space,-0.17,0.1,153.08628176346417,153.14999999999657,0.06371823653239517,0.03305463742719894
dense7,0.2,1.1,0.3308918569582076,space,0.17,0.1,155.84136977916785,155.80000000001348,-0.04136977915436546,0.03777815079786251
dense11,0.0,0.9,0.3932411674347158,width,0.0,1.0,152.29604711230138,152.00000000000102,-0.2960471123003572,0.27417179224187294
dense11,0.0,0.9,0.3932411674347158,space,-0.17,1.0,186.55813180561154,186.49999999999523,-0.058131805616312704,0.08000712567479695
dense11,0.0,0.9,0.3932411674347158,space,0.17,1.0,186.3299388430022,186.9999999999976,0.6700611569954162,0.3958893647535433
dense11,0.0,0.9,0.3932411674347158,width,0.0,0.1,152.29604711230138,152.30000000001098,0.003952887709601782,0.02582820776808603
dense11,0.0,0.9,0.3932411674347158,space,-0.17,0.1,186.55813180561154,186.59999999999854,0.04186819438700695,0.02187532005848425
dense11,0.0,0.9,0.3932411674347158,space,0.17,0.1,186.3299388430022,186.2999999999886,-0.029938843013610494,0.02582820776808603
dense11,0.0,1.0,0.35391705069124424,width,0.0,1.0,169.97863562463067,170.0000000000017,0.02136437537103575,0.18538828237524285
dense11,0.0,1.0,0.35391705069124424,space,-0.17,1.0,169.03841394839958,168.99999999999693,-0.03841394840264911,0.18538828237524285
dense11,0.0,1.0,0.35391705069124424,space,0.17,1.0,169.29895061711875,168.99999999999693,-0.29895061712181814,0.46297452412602524
dense11,0.0,1.0,0.35391705069124424,width,0.0,0.1,169.97863562463067,169.95000000000005,-0.02863562463062408,0.01461171763139646
dense11,0.0,1.0,0.35391705069124424,space,-0.17,0.1,169.03841394839958,169.0499999999986,0.011586051599010716,0.01461171763139646
dense11,0.0,1.0,0.35391705069124424,space,0.17,0.1,169.29895061711875,169.34999999999434,0.0510493828755898,0.03702547587636218
dense11,0.0,1.1,0.3217427733556766,width,0.0,1.0,184.3840216033783,183.9999999999975,-0.38402160338080193,0.3965983997602507
dense11,0.0,1.1,0.3217427733556766,space,-0.17,1.0,154.75673941169532,155.00000000000114,0.24326058830581587,0.2558373846852646
dense11,0.0,1.1,0.3217427733556766,space,0.17,1.0,155.36654881019274,155.9999999999917,0.6334511897989614,0.3965983997602507
dense11,0.0,1.1,0.3217427733556766,width,0.0,0.1,184.3840216033783,184.39999999999657,0.015978396618265833,0.012576796379448751
dense11,0.0,1.1,0.3217427733556766,space,-0.17,0.1,154.75673941169532,154.75000000000705,-0.006739411688272412,0.012576796379448751
dense11,0.0,1.1,0.3217427733556766,space,0.17,0.1,155.36654881019274,155.4000000000002,0.0334511898074652,0.03685279004628228
dense11,0.2,0.9,0.3932411674347158,width,0.0,1.0,147.66274962843795,148.00000000001035,0.3372503715723951,0.2155051662242613
dense11,0.2,0.9,0.3932411674347158,space,-0.17,1.0,190.8974162888768,190.9999999999883,0.10258371111149245,0.31808887733575375
dense11,0.2,0.9,0.3932411674347158,space,0.17,1.0,190.53962942518865,189.99999999999773,-0.5396294251909239,0.4178842198427901
dense11,0.2,0.9,0.3932411674347158,width,0.0,0.1,147.66274962843795,147.64999999999873,-0.01274962843922367,0.02825479465684566
dense11,0.2,0.9,0.3932411674347158,space,-0.17,0.1,190.8974162888768,190.89999999999918,0.0025837111223836473,0.018088877340005638
dense11,0.2,0.9,0.3932411674347158,space,0.17,0.1,190.53962942518865,190.55000000000177,0.010370574813123312,0.02825479465684566
dense11,0.2,1.0,0.35391705069124424,width,0.0,1.0,170.2569032627963,170.0000000000017,-0.2569032627945944,0.29420634041343874
dense11,0.2,1.0,0.35391705069124424,space,-0.17,1.0,168.64804689845414,168.99999999999693,0.35195310154279014,0.38925617916163446
dense11,0.2,1.0,0.35391705069124424,space,0.17,1.0,168.7702694404294,168.99999999999693,0.2297305595675425,0.29420634041343874
dense11,0.2,1.0,0.35391705069124424,width,0.0,0.1,170.2569032627963,170.30000000001166,0.043096737215364556,0.03730307761884433
dense11,0.2,1.0,0.35391705069124424,space,-0.17,0.1,168.64804689845414,168.59999999999786,-0.04804689845627763,0.03730307761884433
dense11,0.2,1.0,0.35391705069124424,space,0.17,0.1,168.7702694404294,168.7999999999903,0.029730559560903203,0.03552421915742343
dense11,0.2,1.1,0.3217427733556766,width,0.0,1.0,188.5795377319397,189.00000000000716,0.42046226806746745,0.45033958772933147
dense11,0.2,1.1,0.3217427733556766,space,-0.17,1.0,150.56717712477052,150.49999999999386,-0.06717712477666282,0.09705444443852684
dense11,0.2,1.1,0.3217427733556766,space,0.17,1.0,151.0069606819684,150.99999999999625,-0.006960681972145721,0.45033958772933147
dense11,0.2,1.1,0.3217427733556766,width,0.0,0.1,188.5795377319397,188.55000000000643,-0.029537731933260147,0.02987731966186402
dense11,0.2,1.1,0.3217427733556766,space,-0.17,0.1,150.56717712477052,150.59999999999718,0.032822875226656834,0.02987731966186402
dense11,0.2,1.1,0.3217427733556766,space,0.17,0.1,151.0069606819684,151.0499999999979,0.043039318029514106,0.04337890575811798
