case,source,source_count,pixel_um,ambit_um,nx,ny,raster_pixels,source_pixel_work,optical_median_seconds,optical_min_seconds,optical_max_seconds,raster_and_optics_median_seconds,traced_peak_bytes,additional_focus_seconds
baseline,dense7,29,0.01,0.32,320,320,102400,2969600,0.13309450000087963,0.12853549999999814,0.13586489999943296,0.18470999999772175,19232690,0.20615259999976843
source11,dense11,81,0.01,0.32,320,320,102400,8294400,0.35176859999774024,0.3441232000004675,0.38021650000155205,0.4042411999980686,19235730,0.596284299997933
source13,dense13,113,0.01,0.32,320,320,102400,11571200,0.4809209999984887,0.47866029999931925,0.4866855000000214,0.5355927999989945,19238698,0.7695239000022411
pixel20,dense7,29,0.02,0.32,160,160,25600,742400,0.013865799999621231,0.013709300001210067,0.01423350000186474,0.024508399998012464,4817777,0.02431530000103521
pixel5,dense7,29,0.005,0.32,640,640,409600,11878400,0.7778373000001011,0.7470386999993934,0.7891268999992462,1.065971799998806,76842282,1.2322473999993235
ambit16,dense7,29,0.01,0.16,288,288,82944,2405376,0.09855460000107996,0.09699010000258568,0.10551219999979367,0.14936280000256374,15799978,0.16212520000044606
ambit50,dense7,29,0.01,0.5,356,356,126736,3675344,0.2977160000009462,0.29373909999776515,0.31098500000007334,0.35312980000162497,23508346,0.38165250000020023
ambit64,dense7,29,0.01,0.64,384,384,147456,4276224,0.2262819000025047,0.22620610000012675,0.23583579999831272,0.28015189999860013,27155377,0.3913718000003428
joint13,dense13,113,0.005,0.64,768,768,589824,66650112,3.810885300001246,3.810563600000023,4.156678600000305,4.111922899999627,108574761,6.1958479000022635
joint21,dense21,317,0.005,0.64,768,768,589824,186974208,13.014069500000915,12.324155499998596,13.322672799997235,13.337940699999308,108614489,19.776991100003215
joint31,dense31,709,0.005,0.64,768,768,589824,418185216,28.561304499999096,25.315330500001437,29.16096010000183,28.872389000000112,108706794,49.38156449999951
quality13,dense13,113,0.01,0.64,384,384,147456,16662528,1.3281332000005932,1.045443899998645,1.5273343000008026,1.4126278999974602,27168434,1.7129862000001594
