case,source,pixel_um,ambit_um,actual_ambit_um,focus_um,relative_dose,T0,D0,Tnorm,T_eff,feature,offset_um,status,cd_um,left_um,right_um,nils,inner_components
baseline,dense7,0.01,0.32,0.3199999999999932,0.0,0.9,0.3,0.89921875,0.3336229365768897,0.3706921517520996,width,0.0,VALID,0.15258215581534224,-0.08234145154200719,0.07024070427333505,1.9286990224500455,6
baseline,dense7,0.01,0.32,0.3199999999999932,0.0,0.9,0.3,0.89921875,0.3336229365768897,0.3706921517520996,space,-0.17,VALID,0.18488447200957123,-0.0972259235515784,0.08765854845799283,1.9555881785291354,6
baseline,dense7,0.01,0.32,0.3199999999999932,0.0,0.9,0.3,0.89921875,0.3336229365768897,0.3706921517520996,space,0.17,VALID,0.1900780287298316,-0.09975929572666496,0.09031873300316662,2.004686471579175,6
baseline,dense7,0.01,0.32,0.3199999999999932,0.0,1.0,0.3,0.89921875,0.3336229365768897,0.3336229365768897,width,0.0,VALID,0.16997679022929482,-0.09103120082973185,0.07894558939956298,2.192497005139401,6
baseline,dense7,0.01,0.32,0.3199999999999932,0.0,1.0,0.3,0.89921875,0.3336229365768897,0.3336229365768897,space,-0.17,VALID,0.16776293286215924,-0.08879413369189107,0.07896879917026817,2.220678297865259,6
baseline,dense7,0.01,0.32,0.3199999999999932,0.0,1.0,0.3,0.89921875,0.3336229365768897,0.3336229365768897,space,0.17,VALID,0.1732161044635548,-0.09105441060043704,0.08216169386311775,2.2645951466076846,6
baseline,dense7,0.01,0.32,0.3199999999999932,0.0,1.1,0.3,0.89921875,0.3336229365768897,0.30329357870626333,width,0.0,VALID,0.18411754289103083,-0.09812033281495366,0.08599721007607715,2.3859290636325112,6
baseline,dense7,0.01,0.32,0.3199999999999932,0.0,1.1,0.3,0.89921875,0.3336229365768897,0.30329357870626333,space,-0.17,VALID,0.15376052670650311,-0.08188085952145677,0.07187966718504635,2.4109522931814715,6
baseline,dense7,0.01,0.32,0.3199999999999932,0.0,1.1,0.3,0.89921875,0.3336229365768897,0.30329357870626333,space,0.17,VALID,0.1595432531233341,-0.08400278992392286,0.07554046319941123,2.477557311738606,6
baseline,dense7,0.01,0.32,0.3199999999999932,0.2,0.9,0.3,0.89921875,0.3336229365768897,0.3706921517520996,width,0.0,VALID,0.14380151802238667,-0.07721834365650569,0.06658317436588096,1.4765243618591422,5
baseline,dense7,0.01,0.32,0.3199999999999932,0.2,0.9,0.3,0.89921875,0.3336229365768897,0.3706921517520996,space,-0.17,VALID,0.19514643969577106,-0.10236478335227675,0.09278165634349432,1.5063616590737914,5
baseline,dense7,0.01,0.32,0.3199999999999932,0.2,0.9,0.3,0.89921875,0.3336229365768897,0.3706921517520996,space,0.17,VALID,0.1966120980668917,-0.10341682563411905,0.09319527243277265,1.5449649575448485,5
baseline,dense7,0.01,0.32,0.3199999999999932,0.2,1.0,0.3,0.89921875,0.3336229365768897,0.3336229365768897,width,0.0,VALID,0.16666658712183308,-0.08860572396757058,0.07806086315426251,1.6805096437963283,6
baseline,dense7,0.01,0.32,0.3199999999999932,0.2,1.0,0.3,0.89921875,0.3336229365768897,0.3336229365768897,space,-0.17,VALID,0.17272443254424966,-0.09133015651182022,0.08139427603242944,1.7093769346379089,6
baseline,dense7,0.01,0.32,0.3199999999999932,0.2,1.0,0.3,0.89921875,0.3336229365768897,0.3336229365768897,space,0.17,VALID,0.17465976131246247,-0.0919391368457375,0.08272062446672496,1.7483167485479514,6
baseline,dense7,0.01,0.32,0.3199999999999932,0.2,1.1,0.3,0.89921875,0.3336229365768897,0.30329357870626333,width,0.0,VALID,0.18510779329524624,-0.09780066173700681,0.08730713155823941,1.8312595139503907,6
baseline,dense7,0.01,0.32,0.3199999999999932,0.2,1.1,0.3,0.89921875,0.3336229365768897,0.30329357870626333,space,-0.17,VALID,0.15456658410837243,-0.08236724584537924,0.0721993382629932,1.855001493411863,6
baseline,dense7,0.01,0.32,0.3199999999999932,0.2,1.1,0.3,0.89921875,0.3336229365768897,0.30329357870626333,space,0.17,VALID,0.15691127853479636,-0.0826928684417606,0.07421841009303574,1.8914330740780056,6
source11,dense11,0.01,0.32,0.3199999999999932,0.0,0.9,0.3,0.89921875,0.3336229365768897,0.3706921517520996,width,0.0,VALID,0.14745476046786643,-0.07847867117304091,0.06897608929482552,1.9123129073254435,6
source11,dense11,0.01,0.32,0.3199999999999932,0.0,0.9,0.3,0.89921875,0.3336229365768897,0.3706921517520996,space,-0.17,VALID,0.19204438686937358,-0.10052305804241449,0.0915213288269591,1.916015858411883,6
source11,dense11,0.01,0.32,0.3199999999999932,0.0,0.9,0.3,0.89921875,0.3336229365768897,0.3706921517520996,space,0.17,VALID,0.19106704023912147,-0.1010239107051745,0.09004312953394697,1.9857616660541035,6
source11,dense11,0.01,0.32,0.3199999999999932,0.0,1.0,0.3,0.89921875,0.3336229365768897,0.3336229365768897,width,0.0,VALID,0.16512823534096172,-0.08728669133166093,0.0778415440093008,2.1684562310665303,6
source11,dense11,0.01,0.32,0.3199999999999932,0.0,1.0,0.3,0.89921875,0.3336229365768897,0.3336229365768897,space,-0.17,VALID,0.17441267813518224,-0.09169936946684316,0.08271330866833908,2.1716775961680925,6
source11,dense11,0.01,0.32,0.3199999999999932,0.0,1.0,0.3,0.89921875,0.3336229365768897,0.3336229365768897,space,0.17,VALID,0.17401863589550673,-0.09215845599069922,0.08186017990480751,2.2443412259085993,6
source11,dense11,0.01,0.32,0.3199999999999932,0.0,1.1,0.3,0.89921875,0.3336229365768897,0.30329357870626333,width,0.0,VALID,0.1793822986707111,-0.0943946426468214,0.08498765602388969,2.3790334715829466,6
source11,dense11,0.01,0.32,0.3199999999999932,0.0,1.1,0.3,0.89921875,0.3336229365768897,0.30329357870626333,space,-0.17,VALID,0.1601742640724004,-0.08456890671922179,0.07560535735317861,2.3734132880801173,6
source11,dense11,0.01,0.32,0.3199999999999932,0.0,1.1,0.3,0.89921875,0.3336229365768897,0.30329357870626333,space,0.17,VALID,0.1602283554791084,-0.08501234397611032,0.0752160115029981,2.4604830836329215,6
source11,dense11,0.01,0.32,0.3199999999999932,0.2,0.9,0.3,0.89921875,0.3336229365768897,0.3706921517520996,width,0.0,VALID,0.14135018773921512,-0.07551898414572553,0.0658312035934896,1.5026992248976498,6
source11,dense11,0.01,0.32,0.3199999999999932,0.2,0.9,0.3,0.89921875,0.3336229365768897,0.3706921517520996,space,-0.17,VALID,0.19793292654891775,-0.10345191069464327,0.09448101585427449,1.5104944059572312,6
source11,dense11,0.01,0.32,0.3199999999999932,0.2,0.9,0.3,0.89921875,0.3336229365768897,0.3706921517520996,space,0.17,VALID,0.19672284309957502,-0.10416879640651042,0.0925540466930646,1.556868867646273,6
source11,dense11,0.01,0.32,0.3199999999999932,0.2,1.0,0.3,0.89921875,0.3336229365768897,0.3336229365768897,width,0.0,VALID,0.1638961114900375,-0.08670023000612026,0.07719588148391723,1.704498749405596,6
source11,dense11,0.01,0.32,0.3199999999999932,0.2,1.0,0.3,0.89921875,0.3336229365768897,0.3336229365768897,space,-0.17,VALID,0.17551982473667616,-0.09222005474279642,0.08329976999387975,1.7139239387282919,6
source11,dense11,0.01,0.32,0.3199999999999932,0.2,1.0,0.3,0.89921875,0.3336229365768897,0.3336229365768897,space,0.17,VALID,0.17493240037426724,-0.09280411851608278,0.08212828185818447,1.7608439598461432,6
source11,dense11,0.01,0.32,0.3199999999999932,0.2,1.1,0.3,0.89921875,0.3336229365768897,0.30329357870626333,width,0.0,VALID,0.18205704572664155,-0.09570716653692944,0.08634987918971211,1.8501286360968243,6
source11,dense11,0.01,0.32,0.3199999999999932,0.2,1.1,0.3,0.89921875,0.3336229365768897,0.30329357870626333,space,-0.17,VALID,0.15745324813561629,-0.0831604146725457,0.07429283346307057,1.8599511485540416,6
source11,dense11,0.01,0.32,0.3199999999999932,0.2,1.1,0.3,0.89921875,0.3336229365768897,0.30329357870626333,space,0.17,VALID,0.15730594559718147,-0.0836501208102879,0.07365582478689356,1.9039042009049738,6
source13,dense13,0.01,0.32,0.3199999999999932,0.0,0.9,0.3,0.89921875,0.3336229365768897,0.3706921517520996,width,0.0,VALID,0.14657845366561337,-0.07884765839151052,0.06773079527410285,1.90569024948509,6
source13,dense13,0.01,0.32,0.3199999999999932,0.0,0.9,0.3,0.89921875,0.3336229365768897,0.3706921517520996,space,-0.17,VALID,0.19239964200628024,-0.10124730039779074,0.09115234160848949,1.9255378374413739,6
source13,dense13,0.01,0.32,0.3199999999999932,0.0,0.9,0.3,0.89921875,0.3336229365768897,0.3706921517520996,space,0.17,VALID,0.190669026661587,-0.10226920472589716,0.08839982193568983,2.0022659608004787,6
source13,dense13,0.01,0.32,0.3199999999999932,0.0,1.0,0.3,0.89921875,0.3336229365768897,0.3336229365768897,width,0.0,VALID,0.1643224375308917,-0.08768263357702494,0.07663980395386678,2.164551094981359,6
source13,dense13,0.01,0.32,0.3199999999999932,0.0,1.0,0.3,0.89921875,0.3336229365768897,0.3336229365768897,space,-0.17,VALID,0.1748508730358098,-0.09253350661283472,0.08231736642297507,2.1848291162505595,6
source13,dense13,0.01,0.32,0.3199999999999932,0.0,1.0,0.3,0.89921875,0.3336229365768897,0.3336229365768897,space,0.17,VALID,0.17375493202504927,-0.09336019604613323,0.08039473597891603,2.266207923791134,6
source13,dense13,0.01,0.32,0.3199999999999932,0.0,1.1,0.3,0.89921875,0.3336229365768897,0.30329357870626333,width,0.0,VALID,0.17860231480420055,-0.0947958463347574,0.08380646846944315,2.3797473303615573,6
source13,dense13,0.01,0.32,0.3199999999999932,0.0,1.1,0.3,0.89921875,0.3336229365768897,0.30329357870626333,space,-0.17,VALID,0.160703290211149,-0.0854991365459064,0.0752041536652426,2.4020531537572207,6
source13,dense13,0.01,0.32,0.3199999999999932,0.0,1.1,0.3,0.89921875,0.3336229365768897,0.30329357870626333,space,0.17,VALID,0.160061197431488,-0.08619353153055687,0.07386766590093112,2.466814572405176,6
source13,dense13,0.01,0.32,0.3199999999999932,0.2,0.9,0.3,0.89921875,0.3336229365768897,0.3706921517520996,width,0.0,VALID,0.14080765344563034,-0.075682183174471,0.06512547027115935,1.4522007362106495,5
source13,dense13,0.01,0.32,0.3199999999999932,0.2,0.9,0.3,0.89921875,0.3336229365768897,0.3706921517520996,space,-0.17,VALID,0.19886693132409863,-0.10454911449856961,0.09431781682552902,1.4824107768581756,5
source13,dense13,0.01,0.32,0.3199999999999932,0.2,0.9,0.3,0.89921875,0.3336229365768897,0.3706921517520996,space,0.17,VALID,0.19631820444791237,-0.10487452972884066,0.09144367471907171,1.5289127994820564,5
source13,dense13,0.01,0.32,0.3199999999999932,0.2,1.0,0.3,0.89921875,0.3336229365768897,0.3336229365768897,width,0.0,VALID,0.16396953507350925,-0.08716284203029587,0.07680669304321337,1.66287268151734,6
source13,dense13,0.01,0.32,0.3199999999999932,0.2,1.0,0.3,0.89921875,0.3336229365768897,0.3336229365768897,space,-0.17,VALID,0.17601892890205795,-0.09318177093235379,0.08283715796970414,1.6833345169679732,6
source13,dense13,0.01,0.32,0.3199999999999932,0.2,1.0,0.3,0.89921875,0.3336229365768897,0.3336229365768897,space,0.17,VALID,0.17425438648020264,-0.09319330695678664,0.08106107952341601,1.742772787395473,6
source13,dense13,0.01,0.32,0.3199999999999932,0.2,1.1,0.3,0.89921875,0.3336229365768897,0.30329357870626333,width,0.0,VALID,0.1825855363113429,-0.09639073542252773,0.08619480088881518,1.8102632661485516,6
source13,dense13,0.01,0.32,0.3199999999999932,0.2,1.1,0.3,0.89921875,0.3336229365768897,0.30329357870626333,space,-0.17,VALID,0.15762754086288502,-0.08401827628541274,0.07360926457747229,1.8281546347192712,6
source13,dense13,0.01,0.32,0.3199999999999932,0.2,1.1,0.3,0.89921875,0.3336229365768897,0.30329357870626333,space,0.17,VALID,0.15640347939164526,-0.08380519911118484,0.07259828028046042,1.8865730469668327,6
pixel20,dense7,0.02,0.32,0.3199999999999932,0.0,0.9,0.3,0.89921875,0.3336229365768897,0.3706921517520996,width,0.0,VALID,0.13665713480275865,-0.06978333612303539,0.06687379867972328,1.6349726811116658,6
pixel20,dense7,0.02,0.32,0.3199999999999932,0.0,0.9,0.3,0.89921875,0.3336229365768897,0.3706921517520996,space,-0.17,VALID,0.19901847745525375,-0.09880181357828914,0.10021666387696462,1.7684141847980983,6
pixel20,dense7,0.02,0.32,0.3199999999999932,0.0,0.9,0.3,0.89921875,0.3336229365768897,0.3706921517520996,space,0.17,VALID,0.20658361552046306,-0.10312620132027674,0.10345741420018632,1.7061138183100373,6
pixel20,dense7,0.02,0.32,0.3199999999999932,0.0,1.0,0.3,0.89921875,0.3336229365768897,0.3336229365768897,width,0.0,VALID,0.15556694376867047,-0.07908673694990416,0.07648020681876631,2.0354453888263486,6
pixel20,dense7,0.02,0.32,0.3199999999999932,0.0,1.0,0.3,0.89921875,0.3336229365768897,0.3336229365768897,space,-0.17,VALID,0.18080753506508768,-0.08989427201499181,0.09091326305009585,2.0782641071173473,6
pixel20,dense7,0.02,0.32,0.3199999999999932,0.0,1.0,0.3,0.89921875,0.3336229365768897,0.3336229365768897,space,0.17,VALID,0.1879632719086407,-0.0935197931812337,0.094443478727407,2.105092200092433,6
pixel20,dense7,0.02,0.32,0.3199999999999932,0.0,1.1,0.3,0.89921875,0.3336229365768897,0.30329357870626333,width,0.0,VALID,0.1707523637241747,-0.08667746003966231,0.0840749036845124,2.2389899277005183,6
pixel20,dense7,0.02,0.32,0.3199999999999932,0.0,1.1,0.3,0.89921875,0.3336229365768897,0.30329357870626333,space,-0.17,VALID,0.16592882342354334,-0.08260628346320564,0.0833225399603377,2.286090517820134,6
pixel20,dense7,0.02,0.32,0.3199999999999932,0.0,1.1,0.3,0.89921875,0.3336229365768897,0.30329357870626333,space,0.17,VALID,0.17326392426268386,-0.08592509631548761,0.08733882794719625,2.3156014200802217,6
pixel20,dense7,0.02,0.32,0.3199999999999932,0.2,0.9,0.3,0.89921875,0.3336229365768897,0.3706921517520996,width,0.0,VALID,0.12137895388930366,-0.06138883492269403,0.05999011896660963,1.2452534698781976,6
pixel20,dense7,0.02,0.32,0.3199999999999932,0.2,0.9,0.3,0.89921875,0.3336229365768897,0.3706921517520996,space,-0.17,VALID,0.21542975431648098,-0.10681858923917498,0.10861116507730599,1.2774111741454581,6
pixel20,dense7,0.02,0.32,0.3199999999999932,0.2,0.9,0.3,0.89921875,0.3336229365768897,0.3706921517520996,space,0.17,VALID,0.21905654300222344,-0.11000988103339038,0.10904666196883307,1.3100268155168842,6
pixel20,dense7,0.02,0.32,0.3199999999999932,0.2,1.0,0.3,0.89921875,0.3336229365768897,0.3336229365768897,width,0.0,VALID,0.14768842128527898,-0.07443080602491424,0.07325761526036473,1.5612390827478126,6
pixel20,dense7,0.02,0.32,0.3199999999999932,0.2,1.0,0.3,0.89921875,0.3336229365768897,0.3336229365768897,space,-0.17,VALID,0.19008216402721712,-0.09451297005213134,0.09556919397508577,1.6036832402813663,6
pixel20,dense7,0.02,0.32,0.3199999999999932,0.2,1.0,0.3,0.89921875,0.3336229365768897,0.3336229365768897,space,0.17,VALID,0.19376431421474735,-0.09674238473963528,0.09702192947511207,1.6246096658316567,6
pixel20,dense7,0.02,0.32,0.3199999999999932,0.2,1.1,0.3,0.89921875,0.3336229365768897,0.30329357870626333,width,0.0,VALID,0.16748705021933302,-0.08426586360638909,0.08322118661294392,1.7173629910403707,6
pixel20,dense7,0.02,0.32,0.3199999999999932,0.2,1.1,0.3,0.89921875,0.3336229365768897,0.30329357870626333,space,-0.17,VALID,0.1708005242339927,-0.08506638784038177,0.08573413639361092,1.7640515643272008,6
pixel20,dense7,0.02,0.32,0.3199999999999932,0.2,1.1,0.3,0.89921875,0.3336229365768897,0.30329357870626333,space,0.17,VALID,0.17469973872567163,-0.08677881338705609,0.08792092533861554,1.7870706324145764,6
pixel5,dense7,0.005,0.32,0.3199999999999932,0.0,0.9,0.3,0.89921875,0.3336229365768897,0.3706921517520996,width,0.0,VALID,0.15269502247471262,-0.07762939674500832,0.07506562572970428,1.936847719604409,6
pixel5,dense7,0.005,0.32,0.3199999999999932,0.0,0.9,0.3,0.89921875,0.3336229365768897,0.3706921517520996,space,-0.17,VALID,0.1840179259233634,-0.09164732266837174,0.09237060325499169,1.9870660998092762,6
pixel5,dense7,0.005,0.32,0.3199999999999932,0.0,0.9,0.3,0.89921875,0.3336229365768897,0.3706921517520996,space,0.17,VALID,0.19031206216063323,-0.09493437427029573,0.09537768789033749,2.001766840823473,6
pixel5,dense7,0.005,0.32,0.3199999999999932,0.0,1.0,0.3,0.89921875,0.3336229365768897,0.3336229365768897,width,0.0,VALID,0.17007989102928533,-0.08629205268862233,0.083787838340663,2.1886995640159412,6
pixel5,dense7,0.005,0.32,0.3199999999999932,0.0,1.0,0.3,0.89921875,0.3336229365768897,0.3336229365768897,space,-0.17,VALID,0.16699534600518562,-0.08328739869380793,0.08370794731137768,2.228688903274389,6
pixel5,dense7,0.005,0.32,0.3199999999999932,0.0,1.0,0.3,0.89921875,0.3336229365768897,0.3336229365768897,space,0.17,VALID,0.1734588764370378,-0.08621216165933701,0.0872467147777008,2.260399349420937,6
pixel5,dense7,0.005,0.32,0.3199999999999932,0.0,1.1,0.3,0.89921875,0.3336229365768897,0.30329357870626333,width,0.0,VALID,0.184214680639758,-0.09335224455294824,0.09086243608680976,2.3952069875727724,6
pixel5,dense7,0.005,0.32,0.3199999999999932,0.0,1.1,0.3,0.89921875,0.3336229365768897,0.30329357870626333,space,-0.17,VALID,0.15308641251432342,-0.07643865706727165,0.07664775544705177,2.423303009213135,6
pixel5,dense7,0.005,0.32,0.3199999999999932,0.0,1.1,0.3,0.89921875,0.3336229365768897,0.30329357870626333,space,0.17,VALID,0.15974990663812538,-0.07913756391319025,0.08061234272493512,2.4745668971603094,6
pixel5,dense7,0.005,0.32,0.3199999999999932,0.2,0.9,0.3,0.89921875,0.3336229365768897,0.3706921517520996,width,0.0,VALID,0.14392556271491666,-0.07254466672838633,0.07138089598653033,1.4484546712830044,6
pixel5,dense7,0.005,0.32,0.3199999999999932,0.2,0.9,0.3,0.89921875,0.3336229365768897,0.3706921517520996,space,-0.17,VALID,0.19400878127730514,-0.09655344800569145,0.09745533327161368,1.503477443842113,6
pixel5,dense7,0.005,0.32,0.3199999999999932,0.2,0.9,0.3,0.89921875,0.3336229365768897,0.3706921517520996,space,0.17,VALID,0.19689227703955586,-0.09861910401346968,0.0982731730260862,1.5081733625143148,6
pixel5,dense7,0.005,0.32,0.3199999999999932,0.2,1.0,0.3,0.89921875,0.3336229365768897,0.3336229365768897,width,0.0,VALID,0.1668065999746171,-0.08389124438050856,0.08291535559410856,1.6789640425345538,6
pixel5,dense7,0.005,0.32,0.3199999999999932,0.2,1.0,0.3,0.89921875,0.3336229365768897,0.3336229365768897,space,-0.17,VALID,0.17174447932509587,-0.08563572370560442,0.08610875561949145,1.7193877599351737,6
pixel5,dense7,0.005,0.32,0.3199999999999932,0.2,1.0,0.3,0.89921875,0.3336229365768897,0.3336229365768897,space,0.17,VALID,0.1748922429426888,-0.08708464440589145,0.08780759853679733,1.7431459319430036,6
pixel5,dense7,0.005,0.32,0.3199999999999932,0.2,1.1,0.3,0.89921875,0.3336229365768897,0.30329357870626333,width,0.0,VALID,0.18522215601255024,-0.09303891620343555,0.09218323980911469,1.838769142534334,6
pixel5,dense7,0.005,0.32,0.3199999999999932,0.2,1.1,0.3,0.89921875,0.3336229365768897,0.30329357870626333,space,-0.17,VALID,0.15373473975701207,-0.07677365596044759,0.07696108379656447,1.8698544824900853,6
pixel5,dense7,0.005,0.32,0.3199999999999932,0.2,1.1,0.3,0.89921875,0.3336229365768897,0.30329357870626333,space,0.17,VALID,0.15711485592295082,-0.07781676019088532,0.0792980957320655,1.911204143221823,6
ambit16,dense7,0.01,0.16,0.1599999999999966,0.0,0.9,0.3,0.89921875,0.3336229365768897,0.3706921517520996,width,0.0,VALID,0.1555853928543699,-0.0817843028792106,0.07380108997515931,1.9230535523831473,5
ambit16,dense7,0.01,0.16,0.1599999999999966,0.0,0.9,0.3,0.89921875,0.3336229365768897,0.3706921517520996,space,-0.17,VALID,0.1827352076799007,-0.09451951055911129,0.08821569712078942,1.9510148470682593,5
ambit16,dense7,0.01,0.16,0.1599999999999966,0.0,0.9,0.3,0.89921875,0.3336229365768897,0.3706921517520996,space,0.17,VALID,0.18246010621793468,-0.0961989100248407,0.08626119619309397,1.991282138441871,5
ambit16,dense7,0.01,0.16,0.1599999999999966,0.0,1.0,0.3,0.89921875,0.3336229365768897,0.3336229365768897,width,0.0,VALID,0.17295872345346752,-0.0906363523419083,0.08232237111155924,2.185753957169981,6
ambit16,dense7,0.01,0.16,0.1599999999999966,0.0,1.0,0.3,0.89921875,0.3336229365768897,0.3336229365768897,space,-0.17,VALID,0.16538357226657596,-0.08601992460848423,0.07936364765809172,2.1839593299191553,6
ambit16,dense7,0.01,0.16,0.1599999999999966,0.0,1.0,0.3,0.89921875,0.3336229365768897,0.3336229365768897,space,0.17,VALID,0.1658038132599118,-0.08767762888844077,0.07812618437147104,2.2791560006462923,6
ambit16,dense7,0.01,0.16,0.1599999999999966,0.0,1.1,0.3,0.89921875,0.3336229365768897,0.30329357870626333,width,0.0,VALID,0.18717620732954848,-0.09789296570266383,0.08928324162688464,2.377326066859061,6
ambit16,dense7,0.01,0.16,0.1599999999999966,0.0,1.1,0.3,0.89921875,0.3336229365768897,0.30329357870626333,space,-0.17,VALID,0.15108611339597602,-0.07897907909863984,0.07210703429733618,2.3628735837142143,6
ambit16,dense7,0.01,0.16,0.1599999999999966,0.0,1.1,0.3,0.89921875,0.3336229365768897,0.30329357870626333,space,0.17,VALID,0.15218323227726294,-0.08071675837311537,0.07146647390414755,2.4897413071718466,6
ambit16,dense7,0.01,0.16,0.1599999999999966,0.2,0.9,0.3,0.89921875,0.3336229365768897,0.3706921517520996,width,0.0,VALID,0.1462602120401742,-0.07604141520608228,0.07021879683409192,1.4961796540863654,5
ambit16,dense7,0.01,0.16,0.1599999999999966,0.2,0.9,0.3,0.89921875,0.3336229365768897,0.3706921517520996,space,-0.17,VALID,0.19439696099535658,-0.10043837620143883,0.09395858479391773,1.509982155007347,5
ambit16,dense7,0.01,0.16,0.1599999999999966,0.2,0.9,0.3,0.89921875,0.3336229365768897,0.3706921517520996,space,0.17,VALID,0.19040542176897982,-0.09978120316590809,0.09062421860307172,1.561482019585673,5
ambit16,dense7,0.01,0.16,0.1599999999999966,0.2,1.0,0.3,0.89921875,0.3336229365768897,0.3336229365768897,width,0.0,VALID,0.1687265358834835,-0.08739199102707544,0.08133454485640805,1.7040719928682275,6
ambit16,dense7,0.01,0.16,0.1599999999999966,0.2,1.0,0.3,0.89921875,0.3336229365768897,0.3336229365768897,space,-0.17,VALID,0.17202972819478363,-0.08942171922185904,0.08260800897292457,1.7078859725384843,6
ambit16,dense7,0.01,0.16,0.1599999999999966,0.2,1.0,0.3,0.89921875,0.3336229365768897,0.3336229365768897,space,0.17,VALID,0.1689442394466173,-0.08866545514359196,0.08027878430302532,1.788121849748722,6
ambit16,dense7,0.01,0.16,0.1599999999999966,0.2,1.1,0.3,0.89921875,0.3336229365768897,0.30329357870626333,width,0.0,VALID,0.18689415487494143,-0.09660093735359983,0.0902932175213416,1.8577842674102452,6
ambit16,dense7,0.01,0.16,0.1599999999999966,0.2,1.1,0.3,0.89921875,0.3336229365768897,0.30329357870626333,space,-0.17,VALID,0.15383671505171165,-0.08043765240531146,0.07339906264640018,1.8485312050572482,6
ambit16,dense7,0.01,0.16,0.1599999999999966,0.2,1.1,0.3,0.89921875,0.3336229365768897,0.30329357870626333,space,0.17,VALID,0.15159821510518928,-0.07970678247865841,0.07189143262653089,1.953905468971667,6
ambit50,dense7,0.01,0.5,0.4999999999999716,0.0,0.9,0.3,0.89921875,0.3336229365768897,0.3706921517520996,width,0.0,VALID,0.14369793182825064,-0.07772230839025825,0.06597562343799239,1.8481439986007575,5
ambit50,dense7,0.01,0.5,0.4999999999999716,0.0,0.9,0.3,0.89921875,0.3336229365768897,0.3706921517520996,space,-0.17,VALID,0.19260088837534367,-0.1003231967656019,0.09227769160974177,1.8825959248898632,5
ambit50,dense7,0.01,0.5,0.4999999999999716,0.0,0.9,0.3,0.89921875,0.3336229365768897,0.3706921517520996,space,0.17,VALID,0.1935611351118975,-0.10402437656200762,0.08953675854988986,1.902926215965712,5
ambit50,dense7,0.01,0.5,0.4999999999999716,0.0,1.0,0.3,0.89921875,0.3336229365768897,0.3336229365768897,width,0.0,VALID,0.16205020122827135,-0.08684816959444264,0.07520203163382873,2.091548641845465,6
ambit50,dense7,0.01,0.5,0.4999999999999716,0.0,1.0,0.3,0.89921875,0.3336229365768897,0.3336229365768897,space,-0.17,VALID,0.1746497950167646,-0.09149796461120722,0.08315183040555738,2.1366235243349077,6
ambit50,dense7,0.01,0.5,0.4999999999999716,0.0,1.0,0.3,0.89921875,0.3336229365768897,0.3336229365768897,space,0.17,VALID,0.17575288192452937,-0.09479796836617128,0.08095491355835809,2.1492638304822624,6
ambit50,dense7,0.01,0.5,0.4999999999999716,0.0,1.1,0.3,0.89921875,0.3336229365768897,0.30329357870626333,width,0.0,VALID,0.17681774197218886,-0.0941839524420032,0.08263378953018567,2.302444038072938,6
ambit50,dense7,0.01,0.5,0.4999999999999716,0.0,1.1,0.3,0.89921875,0.3336229365768897,0.30329357870626333,space,-0.17,VALID,0.1601713560428153,-0.08435530848481847,0.07581604755799681,2.3331296151736898,6
ambit50,dense7,0.01,0.5,0.4999999999999716,0.0,1.1,0.3,0.89921875,0.3336229365768897,0.30329357870626333,space,0.17,VALID,0.16134887590583996,-0.08736621046981434,0.07398266543602564,2.344879673772426,6
ambit50,dense7,0.01,0.5,0.4999999999999716,0.2,0.9,0.3,0.89921875,0.3336229365768897,0.3706921517520996,width,0.0,VALID,0.13705625675687041,-0.07396404288841896,0.06309221386845146,1.3703804200068934,5
ambit50,dense7,0.01,0.5,0.4999999999999716,0.2,0.9,0.3,0.89921875,0.3336229365768897,0.3706921517520996,space,-0.17,VALID,0.1998833363251578,-0.10384737921357676,0.09603595711158106,1.4294242993477768,5
ambit50,dense7,0.01,0.5,0.4999999999999716,0.2,0.9,0.3,0.89921875,0.3336229365768897,0.3706921517520996,space,0.17,VALID,0.19906735893089178,-0.10690778613154855,0.09215957279934324,1.4602816890842154,5
ambit50,dense7,0.01,0.5,0.4999999999999716,0.2,1.0,0.3,0.89921875,0.3336229365768897,0.3336229365768897,width,0.0,VALID,0.1606823450419758,-0.08569167459376975,0.07499067044820604,1.63271363839232,6
ambit50,dense7,0.01,0.5,0.4999999999999716,0.2,1.0,0.3,0.89921875,0.3336229365768897,0.3336229365768897,space,-0.17,VALID,0.17675818298278334,-0.09244985757655307,0.08430832540623026,1.667249945157676,6
ambit50,dense7,0.01,0.5,0.4999999999999716,0.2,1.0,0.3,0.89921875,0.3336229365768897,0.3336229365768897,space,0.17,VALID,0.17630403530535216,-0.09500932955179398,0.0812947057535582,1.6881483606651102,6
ambit50,dense7,0.01,0.5,0.4999999999999716,0.2,1.1,0.3,0.89921875,0.3336229365768897,0.30329357870626333,width,0.0,VALID,0.17952695877452154,-0.0950558055934317,0.08447115318108984,1.7965546259560432,6
ambit50,dense7,0.01,0.5,0.4999999999999716,0.2,1.1,0.3,0.89921875,0.3336229365768897,0.30329357870626333,space,-0.17,VALID,0.15819260430492987,-0.08324840989836155,0.07494419440656831,1.8134693936922814,6
ambit50,dense7,0.01,0.5,0.4999999999999716,0.2,1.1,0.3,0.89921875,0.3336229365768897,0.30329357870626333,space,0.17,VALID,0.15800765073325473,-0.08552884681891017,0.07247880391434457,1.8492597978813623,6
ambit64,dense7,0.01,0.64,0.6399999999999864,0.0,0.9,0.3,0.89921875,0.3336229365768897,0.3706921517520996,width,0.0,VALID,0.14708370300727094,-0.07929618789049422,0.06778751511677672,1.921089745679162,6
ambit64,dense7,0.01,0.64,0.6399999999999864,0.0,0.9,0.3,0.89921875,0.3336229365768897,0.3706921517520996,space,-0.17,VALID,0.18980165822608513,-0.09909784611657936,0.09070381210950579,1.9620318455371506,6
ambit64,dense7,0.01,0.64,0.6399999999999864,0.0,0.9,0.3,0.89921875,0.3336229365768897,0.3706921517520996,space,0.17,VALID,0.19227024762153966,-0.10221248488322329,0.09005776273831635,1.9933396434573614,6
ambit64,dense7,0.01,0.64,0.6399999999999864,0.0,1.0,0.3,0.89921875,0.3336229365768897,0.3336229365768897,width,0.0,VALID,0.16468142381328776,-0.08804301770615927,0.07663840610712848,2.178884665904023,6
ambit64,dense7,0.01,0.64,0.6399999999999864,0.0,1.0,0.3,0.89921875,0.3336229365768897,0.3336229365768897,space,-0.17,VALID,0.1726279754209931,-0.09067099312715235,0.08195698229384074,2.2279567255788653,6
ambit64,dense7,0.01,0.64,0.6399999999999864,0.0,1.0,0.3,0.89921875,0.3336229365768897,0.3336229365768897,space,0.17,VALID,0.17525003024167718,-0.09336159389287153,0.08188843634880565,2.246634482879934,6
ambit64,dense7,0.01,0.64,0.6399999999999864,0.0,1.1,0.3,0.89921875,0.3336229365768897,0.30329357870626333,width,0.0,VALID,0.17886878810222467,-0.09509428006768783,0.08377450803453686,2.387053603165477,6
ambit64,dense7,0.01,0.64,0.6399999999999864,0.0,1.1,0.3,0.89921875,0.3336229365768897,0.30329357870626333,space,-0.17,VALID,0.15873290588719244,-0.08382718595488026,0.07490571993231218,2.422902406096788,6
ambit64,dense7,0.01,0.64,0.6399999999999864,0.0,1.1,0.3,0.89921875,0.3336229365768897,0.30329357870626333,space,0.17,VALID,0.16147419265971366,-0.08622549196546316,0.0752487006942505,2.4712178012828443,6
ambit64,dense7,0.01,0.64,0.6399999999999864,0.2,0.9,0.3,0.89921875,0.3336229365768897,0.3706921517520996,width,0.0,VALID,0.14086519995101057,-0.0769946670983438,0.06387053285266678,1.4246770518733491,5
ambit64,dense7,0.01,0.64,0.6399999999999864,0.2,0.9,0.3,0.89921875,0.3336229365768897,0.3706921517520996,space,-0.17,VALID,0.1952830175942628,-0.1022776846926066,0.09300533290165622,1.496545869565232,5
ambit64,dense7,0.01,0.64,0.6399999999999864,0.2,0.9,0.3,0.89921875,0.3336229365768897,0.3706921517520996,space,0.17,VALID,0.19762967152934324,-0.10612946714733323,0.09150020438201002,1.4798108919007977,5
ambit64,dense7,0.01,0.64,0.6399999999999864,0.2,1.0,0.3,0.89921875,0.3336229365768897,0.3336229365768897,width,0.0,VALID,0.16411617527260258,-0.0884902489725242,0.07562592630007837,1.6554904036494453,6
ambit64,dense7,0.01,0.64,0.6399999999999864,0.2,1.0,0.3,0.89921875,0.3336229365768897,0.3336229365768897,space,-0.17,VALID,0.17272610519047973,-0.09121635416300392,0.08150975102747582,1.7020398577710152,6
ambit64,dense7,0.01,0.64,0.6399999999999864,0.2,1.0,0.3,0.89921875,0.3336229365768897,0.3336229365768897,space,0.17,VALID,0.17515850098590102,-0.09437407369992164,0.08078442728597938,1.7079945784853845,6
ambit64,dense7,0.01,0.64,0.6399999999999864,0.2,1.1,0.3,0.89921875,0.3336229365768897,0.30329357870626333,width,0.0,VALID,0.1828135300990807,-0.09774709602857577,0.08506643407050493,1.8031558572949924,6
ambit64,dense7,0.01,0.64,0.6399999999999864,0.2,1.1,0.3,0.89921875,0.3336229365768897,0.30329357870626333,space,-0.17,VALID,0.1544962851107894,-0.08224338113936515,0.07225290397142424,1.8501194546490636,6
ambit64,dense7,0.01,0.64,0.6399999999999864,0.2,1.1,0.3,0.89921875,0.3336229365768897,0.30329357870626333,space,0.17,VALID,0.1569677052138021,-0.08493356592949508,0.072034139284307,1.848316964189353,6
joint13,dense13,0.005,0.64,0.6399999999999864,0.0,0.9,0.3,0.89921875,0.3336229365768897,0.3706921517520996,width,0.0,VALID,0.14726997959827665,-0.07323268266486262,0.07403729693341402,1.931044895854576,6
joint13,dense13,0.005,0.64,0.6399999999999864,0.0,0.9,0.3,0.89921875,0.3336229365768897,0.3706921517520996,space,-0.17,VALID,0.19181992486728242,-0.09505260753214502,0.0967673173351374,1.9687415730429747,6
joint13,dense13,0.005,0.64,0.6399999999999864,0.0,0.9,0.3,0.89921875,0.3336229365768897,0.3706921517520996,space,0.17,VALID,0.19066511835745115,-0.095962703066586,0.09470241529086514,2.0304146891716712,6
joint13,dense13,0.005,0.64,0.6399999999999864,0.0,1.0,0.3,0.89921875,0.3336229365768897,0.3336229365768897,width,0.0,VALID,0.1647209846916579,-0.08191036311466741,0.0828106215769905,2.1883044112469956,6
joint13,dense13,0.005,0.64,0.6399999999999864,0.0,1.0,0.3,0.89921875,0.3336229365768897,0.3336229365768897,space,-0.17,VALID,0.17470958705452963,-0.08661995016919703,0.0880896368853326,2.2279591291193155,6
joint13,dense13,0.005,0.64,0.6399999999999864,0.0,1.0,0.3,0.89921875,0.3336229365768897,0.3336229365768897,space,0.17,VALID,0.17401341634154271,-0.08718937842300951,0.08682403791853319,2.294471722766987,6
joint13,dense13,0.005,0.64,0.6399999999999864,0.0,1.1,0.3,0.89921875,0.3336229365768897,0.30329357870626333,width,0.0,VALID,0.17880827222500312,-0.08892068228461751,0.0898875899403856,2.411988517549524,6
joint13,dense13,0.005,0.64,0.6399999999999864,0.0,1.1,0.3,0.89921875,0.3336229365768897,0.30329357870626333,space,-0.17,VALID,0.1608643437588762,-0.0797850260434937,0.0810793177153825,2.4528946838263646,6
joint13,dense13,0.005,0.64,0.6399999999999864,0.0,1.1,0.3,0.89921875,0.3336229365768897,0.30329357870626333,space,0.17,VALID,0.16049278521053056,-0.0801124100596144,0.08038037515091617,2.5126316367857644,6
joint13,dense13,0.005,0.64,0.6399999999999864,0.2,0.9,0.3,0.89921875,0.3336229365768897,0.3706921517520996,width,0.0,VALID,0.14100098041281608,-0.0702114534973294,0.07078952691548668,1.4271507788039146,6
joint13,dense13,0.005,0.64,0.6399999999999864,0.2,0.9,0.3,0.89921875,0.3336229365768897,0.3706921517520996,space,-0.17,VALID,0.1981224930010757,-0.0983339464984051,0.0997885465026706,1.459430373864256,6
joint13,dense13,0.005,0.64,0.6399999999999864,0.2,0.9,0.3,0.89921875,0.3336229365768897,0.3706921517520996,space,0.17,VALID,0.19626069537955337,-0.09921047308451333,0.09705022229504003,1.5252034150795437,6
joint13,dense13,0.005,0.64,0.6399999999999864,0.2,1.0,0.3,0.89921875,0.3336229365768897,0.3336229365768897,width,0.0,VALID,0.16418912072745068,-0.0817047240833816,0.08248439664406906,1.6554692959214377,6
joint13,dense13,0.005,0.64,0.6399999999999864,0.2,1.0,0.3,0.89921875,0.3336229365768897,0.3336229365768897,space,-0.17,VALID,0.17547284465723934,-0.08717756874062092,0.08829527591661841,1.6950762587585262,6
joint13,dense13,0.005,0.64,0.6399999999999864,0.2,1.0,0.3,0.89921875,0.3336229365768897,0.3336229365768897,space,0.17,VALID,0.17424669788172786,-0.08751560335593095,0.0867310945257969,1.7418679719674155,6
joint13,dense13,0.005,0.64,0.6399999999999864,0.2,1.1,0.3,0.89921875,0.3336229365768897,0.30329357870626333,width,0.0,VALID,0.18276211093989508,-0.09091210172108202,0.09185000921881305,1.8306699370217379,6
joint13,dense13,0.005,0.64,0.6399999999999864,0.2,1.1,0.3,0.89921875,0.3336229365768897,0.30329357870626333,space,-0.17,VALID,0.15728300791824112,-0.07819510963932312,0.07908789827891799,1.8684152295846868,6
joint13,dense13,0.005,0.64,0.6399999999999864,0.2,1.1,0.3,0.89921875,0.3336229365768897,0.30329357870626333,space,0.17,VALID,0.15645276596785657,-0.07814999078118696,0.07830277518666962,1.9121177973036132,6
joint21,dense21,0.005,0.64,0.6399999999999864,0.0,0.9,0.3,0.89921875,0.3336229365768897,0.3706921517520996,width,0.0,VALID,0.1480314351179755,-0.07389691646038986,0.07413451865758565,1.9246658285158915,6
joint21,dense21,0.005,0.64,0.6399999999999864,0.0,0.9,0.3,0.89921875,0.3336229365768897,0.3706921517520996,space,-0.17,VALID,0.1907807549732609,-0.09467767143365077,0.09610308353961015,1.954666302661568,6
joint21,dense21,0.005,0.64,0.6399999999999864,0.0,0.9,0.3,0.89921875,0.3336229365768897,0.3706921517520996,space,0.17,VALID,0.18987400629549325,-0.09586548134241436,0.09400852495307889,2.0105851424570163,6
joint21,dense21,0.005,0.64,0.6399999999999864,0.0,1.0,0.3,0.89921875,0.3336229365768897,0.3336229365768897,width,0.0,VALID,0.16553120070427169,-0.0825977371051522,0.08293346359911948,2.18418710259163,6
joint21,dense21,0.005,0.64,0.6399999999999864,0.0,1.0,0.3,0.89921875,0.3336229365768897,0.3336229365768897,space,-0.17,VALID,0.17356875809619876,-0.08616649520135095,0.08740226289484782,2.2170579680467966,6
joint21,dense21,0.005,0.64,0.6399999999999864,0.0,1.0,0.3,0.89921875,0.3336229365768897,0.3336229365768897,space,0.17,VALID,0.17308721239292657,-0.08706653640088054,0.08602067599204602,2.2739284210483577,6
joint21,dense21,0.005,0.64,0.6399999999999864,0.0,1.1,0.3,0.89921875,0.3336229365768897,0.30329357870626333,width,0.0,VALID,0.17967637627422753,-0.08963245892913091,0.09004391734509662,2.401077337650828,6
joint21,dense21,0.005,0.64,0.6399999999999864,0.0,1.1,0.3,0.89921875,0.3336229365768897,0.30329357870626333,space,-0.17,VALID,0.15962763872125732,-0.07926009765038822,0.0803675410708691,2.4357380271844478,6
joint21,dense21,0.005,0.64,0.6399999999999864,0.0,1.1,0.3,0.89921875,0.3336229365768897,0.30329357870626333,space,0.17,VALID,0.1594446890490999,-0.0799560826549034,0.0794886063941965,2.491013804698508,6
joint21,dense21,0.005,0.64,0.6399999999999864,0.2,0.9,0.3,0.89921875,0.3336229365768897,0.3706921517520996,width,0.0,VALID,0.14151049597189094,-0.07062590486303297,0.07088459110885797,1.437674774696179,6
joint21,dense21,0.005,0.64,0.6399999999999864,0.2,0.9,0.3,0.89921875,0.3336229365768897,0.3706921517520996,space,-0.17,VALID,0.1974706830250365,-0.09809658788806946,0.09937409513696704,1.4645607776828529,6
joint21,dense21,0.005,0.64,0.6399999999999864,0.2,0.9,0.3,0.89921875,0.3336229365768897,0.3706921517520996,space,0.17,VALID,0.19592392676499715,-0.09911540889114204,0.09680851787385511,1.5242558383478562,6
joint21,dense21,0.005,0.64,0.6399999999999864,0.2,1.0,0.3,0.89921875,0.3336229365768897,0.3336229365768897,width,0.0,VALID,0.16452189613366713,-0.08201566821450665,0.0825062279191605,1.6664380718557577,6
joint21,dense21,0.005,0.64,0.6399999999999864,0.2,1.0,0.3,0.89921875,0.3336229365768897,0.3336229365768897,space,-0.17,VALID,0.17493021297589878,-0.0869458811904054,0.08798433178549336,1.7012969918979401,6
joint21,dense21,0.005,0.64,0.6399999999999864,0.2,1.0,0.3,0.89921875,0.3336229365768897,0.3336229365768897,space,0.17,VALID,0.17391967952728798,-0.08749377208083951,0.08642590744644849,1.7418164578460336,6
joint21,dense21,0.005,0.64,0.6399999999999864,0.2,1.1,0.3,0.89921875,0.3336229365768897,0.30329357870626333,width,0.0,VALID,0.18298231964851455,-0.091152064368672,0.09183025527984255,1.841233258968031,6
joint21,dense21,0.005,0.64,0.6399999999999864,0.2,1.1,0.3,0.89921875,0.3336229365768897,0.30329357870626333,space,-0.17,VALID,0.1568097974248367,-0.0779618617935087,0.07884793563132801,1.8753002131775365,6
joint21,dense21,0.005,0.64,0.6399999999999864,0.2,1.1,0.3,0.89921875,0.3336229365768897,0.30329357870626333,space,0.17,VALID,0.156127390731028,-0.07816974472015746,0.07795764601087052,1.9118586120676466,6
joint31,dense31,0.005,0.64,0.6399999999999864,0.0,0.9,0.3,0.89921875,0.3336229365768897,0.3706921517520996,width,0.0,VALID,0.1470582129436983,-0.07333720733085823,0.07372100561284006,1.9037942232672542,6
joint31,dense31,0.005,0.64,0.6399999999999864,0.0,0.9,0.3,0.89921875,0.3336229365768897,0.3706921517520996,space,-0.17,VALID,0.19199216237531286,-0.09532936970617108,0.09666279266914178,1.9331328500541352,6
joint31,dense31,0.005,0.64,0.6399999999999864,0.0,0.9,0.3,0.89921875,0.3336229365768897,0.3706921517520996,space,0.17,VALID,0.19032140259983904,-0.09627899438715995,0.09404240821267909,1.997369432221467,6
joint31,dense31,0.005,0.64,0.6399999999999864,0.0,1.0,0.3,0.89921875,0.3336229365768897,0.3336229365768897,width,0.0,VALID,0.1647660148988992,-0.08215572140345394,0.08261029349544524,2.1536845042676918,6
joint31,dense31,0.005,0.64,0.6399999999999864,0.0,1.0,0.3,0.89921875,0.3336229365768897,0.3336229365768897,space,-0.17,VALID,0.17456158506856995,-0.08671730647202387,0.08784427859654607,2.186303674450979,6
joint31,dense31,0.005,0.64,0.6399999999999864,0.0,1.0,0.3,0.89921875,0.3336229365768897,0.3336229365768897,space,0.17,VALID,0.17341080245249307,-0.08738970650455477,0.0860210959479383,2.256972750409308,6
joint31,dense31,0.005,0.64,0.6399999999999864,0.0,1.1,0.3,0.89921875,0.3336229365768897,0.30329357870626333,width,0.0,VALID,0.17906688672357718,-0.0892827236379778,0.08978416308559939,2.375058798508094,6
joint31,dense31,0.005,0.64,0.6399999999999864,0.0,1.1,0.3,0.89921875,0.3336229365768897,0.30329357870626333,space,-0.17,VALID,0.1604518302218667,-0.0797345538598445,0.08071727636202221,2.406152588657199,6
joint31,dense31,0.005,0.64,0.6399999999999864,0.0,1.1,0.3,0.89921875,0.3336229365768897,0.30329357870626333,space,0.17,VALID,0.15967685517020158,-0.08021583691440062,0.07946101825580096,2.4749936641468913,6
joint31,dense31,0.005,0.64,0.6399999999999864,0.2,0.9,0.3,0.89921875,0.3336229365768897,0.3706921517520996,width,0.0,VALID,0.140618363280999,-0.07009211910755433,0.07052624417344466,1.4218893983297027,6
joint31,dense31,0.005,0.64,0.6399999999999864,0.2,0.9,0.3,0.89921875,0.3336229365768897,0.3706921517520996,space,-0.17,VALID,0.19870555266059858,-0.0987976717681529,0.09990788089244568,1.4473358589580252,6
joint31,dense31,0.005,0.64,0.6399999999999864,0.2,0.9,0.3,0.89921875,0.3336229365768897,0.3706921517520996,space,0.17,VALID,0.19628586520697328,-0.09947375582655535,0.09681210938041793,1.5140976362839058,6
joint31,dense31,0.005,0.64,0.6399999999999864,0.2,1.0,0.3,0.89921875,0.3336229365768897,0.3336229365768897,width,0.0,VALID,0.16391644472424907,-0.08165493030775466,0.08226151441649442,1.6450578576743893,6
joint31,dense31,0.005,0.64,0.6399999999999864,0.2,1.0,0.3,0.89921875,0.3336229365768897,0.3336229365768897,space,-0.17,VALID,0.17583034004377845,-0.0874852703515331,0.08834506969224536,1.6763033959518034,6
joint31,dense31,0.005,0.64,0.6399999999999864,0.2,1.0,0.3,0.89921875,0.3336229365768897,0.3336229365768897,space,0.17,VALID,0.17412038577754496,-0.0877384855835056,0.08638190019403938,1.727710151628813,6
joint31,dense31,0.005,0.64,0.6399999999999864,0.2,1.1,0.3,0.89921875,0.3336229365768897,0.30329357870626333,width,0.0,VALID,0.18258525713783852,-0.09092302514825593,0.09166223198958258,1.8209091467636238,6
joint31,dense31,0.005,0.64,0.6399999999999864,0.2,1.1,0.3,0.89921875,0.3336229365768897,0.30329357870626333,space,-0.17,VALID,0.15746069392169365,-0.07838371906994958,0.07907697485174409,1.849513764032593,6
joint31,dense31,0.005,0.64,0.6399999999999864,0.2,1.1,0.3,0.89921875,0.3336229365768897,0.30329357870626333,space,0.17,VALID,0.15621242976703664,-0.07833776801041743,0.0778746617566192,1.9002016474942214,6
quality13,dense13,0.01,0.64,0.6399999999999864,0.0,0.9,0.3,0.89921875,0.3336229365768897,0.3706921517520996,width,0.0,VALID,0.14702485247767638,-0.07796929432375557,0.0690555581539208,1.9352086388050658,6
quality13,dense13,0.01,0.64,0.6399999999999864,0.0,0.9,0.3,0.89921875,0.3336229365768897,0.3706921517520996,space,-0.17,VALID,0.1927608500246482,-0.10073014434840379,0.09203070567624444,1.9594832561567472,6
quality13,dense13,0.01,0.64,0.6399999999999864,0.0,0.9,0.3,0.89921875,0.3336229365768897,0.3706921517520996,space,0.17,VALID,0.19062702203344484,-0.10094444184607922,0.08968258018736561,2.031154705640265,6
quality13,dense13,0.01,0.64,0.6399999999999864,0.0,1.0,0.3,0.89921875,0.3336229365768897,0.3336229365768897,width,0.0,VALID,0.16449298962171846,-0.08666441852129421,0.07782857110042425,2.1976214846565614,6
quality13,dense13,0.01,0.64,0.6399999999999864,0.0,1.0,0.3,0.89921875,0.3336229365768897,0.3336229365768897,space,-0.17,VALID,0.1755004340976434,-0.0921648526189376,0.0833355814787058,2.2213075054102784,6
quality13,dense13,0.01,0.64,0.6399999999999864,0.0,1.0,0.3,0.89921875,0.3336229365768897,0.3336229365768897,space,0.17,VALID,0.17394158482412586,-0.09217142889957576,0.08177015592455009,2.294929617504795,6
quality13,dense13,0.01,0.64,0.6399999999999864,0.0,1.1,0.3,0.89921875,0.3336229365768897,0.30329357870626333,width,0.0,VALID,0.1785580344396251,-0.09366717448118321,0.08489085995844188,2.414330135630046,6
quality13,dense13,0.01,0.64,0.6399999999999864,0.0,1.1,0.3,0.89921875,0.3336229365768897,0.30329357870626333,space,-0.17,VALID,0.16158503202471225,-0.08525220650589543,0.0763328255188168,2.4434382559513232,6
quality13,dense13,0.01,0.64,0.6399999999999864,0.0,1.1,0.3,0.89921875,0.3336229365768897,0.30329357870626333,space,0.17,VALID,0.1604440302198487,-0.08510914004155813,0.07533489017829056,2.5213690817745693,6
quality13,dense13,0.01,0.64,0.6399999999999864,0.2,0.9,0.3,0.89921875,0.3336229365768897,0.3706921517520996,width,0.0,VALID,0.1407442298319939,-0.0749178869863704,0.06582634284562348,1.439797867172211,5
quality13,dense13,0.01,0.64,0.6399999999999864,0.2,0.9,0.3,0.89921875,0.3336229365768897,0.3706921517520996,space,-0.17,VALID,0.1993406132488589,-0.1042585002352293,0.09508211301362961,1.4618933105559282,5
quality13,dense13,0.01,0.64,0.6399999999999864,0.2,0.9,0.3,0.89921875,0.3336229365768897,0.3706921517520996,space,0.17,VALID,0.19620880385630754,-0.10417365715437653,0.09203514670193101,1.5438228330362829,5
quality13,dense13,0.01,0.64,0.6399999999999864,0.2,1.0,0.3,0.89921875,0.3336229365768897,0.3336229365768897,width,0.0,VALID,0.16383913336964295,-0.0863704218106846,0.07746871155895833,1.6672252496976399,6
quality13,dense13,0.01,0.64,0.6399999999999864,0.2,1.0,0.3,0.89921875,0.3336229365768897,0.3336229365768897,space,-0.17,VALID,0.1765736938485657,-0.09294411565925027,0.0836295781893154,1.689388748721579,6
quality13,dense13,0.01,0.64,0.6399999999999864,0.2,1.0,0.3,0.89921875,0.3336229365768897,0.3336229365768897,space,0.17,VALID,0.17420802746991415,-0.09253128844104168,0.08167673902887246,1.7458296015725911,6
quality13,dense13,0.01,0.64,0.6399999999999864,0.2,1.1,0.3,0.89921875,0.3336229365768897,0.30329357870626333,width,0.0,VALID,0.18240287499557578,-0.0955728452464017,0.0868300297491741,1.8138120615983728,6
quality13,dense13,0.01,0.64,0.6399999999999864,0.2,1.1,0.3,0.89921875,0.3336229365768897,0.30329357870626333,space,-0.17,VALID,0.15825349881909445,-0.08382634406549613,0.07442715475359832,1.8331900169585016,6
quality13,dense13,0.01,0.64,0.6399999999999864,0.2,1.1,0.3,0.89921875,0.3336229365768897,0.30329357870626333,space,0.17,VALID,0.15639409461031395,-0.08316997025082591,0.07322412435948802,1.8874373089071943,6
