case,source,source_count,pixel_um,ambit_um,nx,ny,raster_pixels,source_pixel_work,optical_median_seconds,optical_min_seconds,optical_max_seconds,raster_and_optics_median_seconds,traced_peak_bytes,additional_focus_seconds,nominal_anchor_cd_nm,max_cd_delta_vs_base_nm,max_cd_delta_vs_ref_nm,max_edge_delta_vs_ref_nm,max_nils_delta_vs_ref,runtime_ratio,traced_peak_mib,within_ui_axis_limit,topology_matches_ref
baseline,dense7,29.0,0.01,0.32,320.0,320.0,102400.0,2969600.0,0.13309450000087963,0.12853549999999814,0.13586489999943296,0.18470999999772175,19232690.0,0.20615259999976843,169.97679022929483,0.0,7.1076903657416315,9.004244211148954,0.05902580011576619,1.0,18.34172248840332,True,False
source11,dense11,81.0,0.01,0.32,320.0,320.0,102400.0,8294400.0,0.35176859999774024,0.3441232000004675,0.38021650000155205,0.4042411999980686,19235730.0,0.596284299997933,165.1282353409617,7.159914859802358,1.0935158301448311,5.426865038171192,0.08080982656794711,2.6429987715150918,18.344621658325195,True,True
source13,dense13,113.0,0.01,0.32,320.0,320.0,102400.0,11571200.0,0.4809209999984887,0.47866029999931925,0.4866855000000214,0.5355927999989945,19238698.0,0.7695239000022411,164.3224375308917,7.515169996709009,0.47975927808494023,5.9902103387372145,0.03507491790015038,3.613379966830412,18.34745216369629,True,False
pixel20,dense7,29.0,0.02,0.32,160.0,160.0,25600.0,742400.0,0.013865799999621231,0.013709300001210067,0.01423350000186474,0.024508399998012464,4817777.0,0.02431530000103521,155.56694376867048,22.444444935331738,22.770677795250162,12.234552588415145,0.29125561391142973,0.10418011262320825,4.594590187072754,True,True
pixel5,dense7,29.0,0.005,0.32,640.0,640.0,409600.0,11878400.0,0.7778373000001011,0.7470386999993934,0.7891268999992462,1.065971799998806,76842282.0,1.2322473999993235,170.07989102928533,1.1376584184659144,7.974236451949446,4.292189414150091,0.056141584884087825,5.844248259657314,73.28251075744629,False,True
ambit16,dense7,29.0,0.01,0.16,288.0,288.0,82944.0,2405376.0,0.09855460000107996,0.09699010000258568,0.10551219999979367,0.14936280000256374,15799978.0,0.16212520000044606,172.9587234534675,7.6179225118969125,9.365716825890685,8.610242064686025,0.0742902557566627,0.740485895363284,15.068033218383789,True,False
ambit50,dense7,29.0,0.01,0.5,356.0,356.0,126736.0,3675344.0,0.2977160000009462,0.29373909999776515,0.31098500000007334,0.35312980000162497,23508346.0,0.38165250000020023,162.05020122827136,8.8842239870916,3.562106524128583,7.745382174847673,0.13011399037446525,2.236876805570317,22.4193058013916,True,False
ambit64,dense7,29.0,0.01,0.64,384.0,384.0,147456.0,4276224.0,0.2262819000025047,0.22620610000012675,0.23583579999831272,0.28015189999860013,27155377.0,0.3913718000003428,164.68142381328775,5.498452808071291,3.4225350663357745,6.90254799078946,0.051884683304868284,1.7001596610003358,25.897385597229004,True,False
joint13,dense13,113.0,0.005,0.64,768.0,768.0,589824.0,66650112.0,3.810885300001246,3.810563600000023,4.156678600000305,4.111922899999627,108574761.0,6.1958479000022635,164.72098469165792,7.10381705237309,0.8159300403289826,0.9193568951152142,0.0467420951691655,28.632928482965557,103.54496097564697,False,True
joint21,dense21,317.0,0.005,0.64,768.0,768.0,589824.0,186974208.0,13.014069500000915,12.324155499998596,13.322672799997235,13.337940699999308,108614489.0,19.776991100003215,165.5312007042717,5.8962829636896865,1.2348696355620747,0.7010838800834418,0.030754293595817384,97.78067087606853,103.58284854888916,False,True
joint31,dense31,709.0,0.005,0.64,768.0,768.0,589824.0,418185216.0,28.561304499999096,25.315330500001437,29.16096010000183,28.872389000000112,108706794.0,49.38156449999951,164.7660148988992,7.1076903657416315,0.0,0.0,0.0,214.59417556555928,103.67087745666504,False,True
quality13,dense13,113.0,0.01,0.64,384.0,384.0,147456.0,16662528.0,1.3281332000005932,1.045443899998645,1.5273343000008026,1.4126278999974602,27168434.0,1.7129862000001594,164.49298962171846,7.876378015076985,1.1332018028455404,5.517652646050933,0.04637541762767805,9.978873657377394,25.90983772277832,True,False
